SET SQL_MODE="NO_AUTO_VALUE_ON_ZERO";

/*!40101 SET @OLD_CHARACTER_SET_CLIENT=@@CHARACTER_SET_CLIENT */;
/*!40101 SET @OLD_CHARACTER_SET_RESULTS=@@CHARACTER_SET_RESULTS */;
/*!40101 SET @OLD_COLLATION_CONNECTION=@@COLLATION_CONNECTION */;
/*!40101 SET NAMES utf8 */;


CREATE TABLE IF NOT EXISTS `webprosjekt_admin` (
  `Brukernavn` varchar(45) NOT NULL,
  `Passord` varchar(255) NOT NULL,
  PRIMARY KEY (`Brukernavn`)
) ENGINE=InnoDB DEFAULT CHARSET=latin1;

INSERT INTO `webprosjekt_admin` (`Brukernavn`, `Passord`) VALUES
('sjefen', '2c579e1daf11fc4b060dac69890d897518f1bc460ca8340a2ce956960a968214689a43dbe03d5c877f8da21b014995b97c4eb3b1efdcfab8a55d215c0b1e1ef4');

CREATE TABLE IF NOT EXISTS `webprosjekt_kategori` (
  `KatNr` smallint(6) NOT NULL AUTO_INCREMENT,
  `Navn` varchar(30) NOT NULL,
  PRIMARY KEY (`KatNr`)
) ENGINE=InnoDB  DEFAULT CHARSET=latin1 AUTO_INCREMENT=7 ;

INSERT INTO `webprosjekt_kategori` (`KatNr`, `Navn`) VALUES
(1, 'Speilreflekskamera'),
(2, 'Superzoomkamera'),
(3, 'Kompaktkamera'),
(4, 'Undervannskamera'),
(5, 'Objektiv'),
(6, 'Tilbehør');

CREATE TABLE IF NOT EXISTS `webprosjekt_kunde` (
  `KNr` int(11) NOT NULL AUTO_INCREMENT,
  `Fornavn` varchar(45) NOT NULL,
  `Etternavn` varchar(45) NOT NULL,
  `Adresse` varchar(100) NOT NULL,
  `PostNr` smallint(4) unsigned zerofill NOT NULL,
  `Telefonnr` int(8) NOT NULL,
  `Epost` varchar(100) NOT NULL,
  `Passord` varchar(255) NOT NULL,
  PRIMARY KEY (`KNr`),
  UNIQUE KEY `Epost` (`Epost`)
) ENGINE=InnoDB  DEFAULT CHARSET=latin1 AUTO_INCREMENT=18 ;

INSERT INTO `webprosjekt_kunde` (`KNr`, `Fornavn`, `Etternavn`, `Adresse`, `PostNr`, `Telefonnr`, `Epost`, `Passord`) VALUES
(1, 'Henrik', 'Hermansen', 'Skullerudveien 93', 1188, 98086206, 's171179@stud.hio.no', 'fc6527cfc6ddb59e2af1505f17191b1029ea706815f29040c2522259b8e62ed84802a45689cf378d7783b3ca4ed94d37061b92a6852138e6186c3868f78a83fa'),
(13, 'Lars', 'Smeby', 'Carl Jeppesens gate 28', 0481, 41210297, 'ingenandreennlars@hotmail.com', '06fc9c1110cee466f4e2a855f576163e46424f1c20726f8d35a6520cc76b63ef7e36808d2645599f57f3f7b9c160da036ca68a15618b253da701d6b23821dcfe'),
(15, 'Bård', 'Skeie', 'Grorudveien 98a', 1053, 95806553, 'locoboa@gmail.com', '673cc5a1c2494397e491d7eb70e63a1333e8fbc19932aac897a1417c637012eddfbccbdab3b73e7d1188ff2ee44819974e895e15aeb2603fb32e132556fb9628'),
(17, 'Hiran', 'Piapo', 'Valhall 123', 2050, 97130795, 'hirpia@gmail.com', '21e2068f84f6756c3c3036a1fde7cfe6e237fb28a8db8633558a3123199aaf92df44ce086df73f9bd22fe05aeebf7a8eeaa31d29cd1fdcc739541674d9319a0d');

CREATE TABLE IF NOT EXISTS `webprosjekt_ordre` (
  `OrdreNr` int(11) NOT NULL AUTO_INCREMENT,
  `KNr` int(11) NOT NULL,
  `OrdreDato` timestamp NOT NULL DEFAULT CURRENT_TIMESTAMP,
  PRIMARY KEY (`OrdreNr`,`KNr`),
  KEY `fk_Ordre_Kunde1` (`KNr`)
) ENGINE=InnoDB  DEFAULT CHARSET=latin1 AUTO_INCREMENT=20 ;

INSERT INTO `webprosjekt_ordre` (`OrdreNr`, `KNr`, `OrdreDato`) VALUES
(1, 13, '2011-05-02 16:23:11'),
(3, 1, '2011-05-05 15:41:33'),
(7, 1, '2011-05-09 11:38:21'),
(11, 1, '2011-05-09 12:27:31'),
(12, 1, '2011-05-09 12:32:17'),
(13, 1, '2011-05-09 12:34:02'),
(14, 1, '2011-05-09 12:34:54'),
(15, 1, '2011-05-09 19:36:04'),
(16, 1, '2011-05-09 19:36:38'),
(17, 17, '2011-05-09 23:15:37'),
(18, 1, '2011-05-09 23:17:27');

CREATE TABLE IF NOT EXISTS `webprosjekt_ordrelinje` (
  `OrdreNr` int(11) NOT NULL,
  `VNr` int(11) NOT NULL,
  `Antall` int(11) NOT NULL,
  PRIMARY KEY (`OrdreNr`,`VNr`),
  KEY `fk_VNr` (`VNr`),
  KEY `fk_OrdreNr` (`OrdreNr`)
) ENGINE=InnoDB DEFAULT CHARSET=latin1;

INSERT INTO `webprosjekt_ordrelinje` (`OrdreNr`, `VNr`, `Antall`) VALUES
(1, 1, 2),
(3, 1, 3),
(7, 1, 4),
(11, 1, 3),
(12, 1, 1),
(13, 1, 1),
(14, 1, 25),
(15, 1, 8),
(15, 2, 3),
(15, 7, 5),
(15, 12, 12),
(16, 1, 2),
(16, 2, 3),
(16, 7, 5),
(16, 12, 1),
(17, 35, 10),
(17, 37, 10),
(17, 41, 10),
(17, 49, 10),
(18, 1, 1),
(18, 2, 1),
(18, 7, 1),
(18, 12, 1),
(18, 13, 1),
(18, 14, 2),
(18, 15, 1),
(18, 16, 2),
(18, 17, 2),
(18, 19, 3),
(18, 20, 1),
(18, 24, 1),
(18, 26, 2),
(18, 28, 1),
(18, 34, 1),
(18, 37, 1),
(18, 45, 1),
(18, 46, 1),
(18, 47, 1),
(18, 48, 3),
(18, 49, 1);

CREATE TABLE IF NOT EXISTS `webprosjekt_vare` (
  `VNr` int(11) NOT NULL AUTO_INCREMENT,
  `Varenavn` varchar(100) NOT NULL,
  `Pris` decimal(10,2) NOT NULL,
  `Beskrivelse` text,
  `Bilde` varchar(100) DEFAULT NULL,
  `KatNr` smallint(6) NOT NULL,
  `Antall` int(11) NOT NULL,
  PRIMARY KEY (`VNr`),
  KEY `fk_Vare_Kategori1` (`KatNr`)
) ENGINE=InnoDB  DEFAULT CHARSET=latin1 AUTO_INCREMENT=54 ;

INSERT INTO `webprosjekt_vare` (`VNr`, `Varenavn`, `Pris`, `Beskrivelse`, `Bilde`, `KatNr`, `Antall`) VALUES
(1, 'Nikon D90 med AF-S DX 18-55mm VR, Norsk', 6295.00, 'Nikon D90 m/ DX 16-85 VR F3.5-5.6 <br />\r\n  <br />\r\nNikon D90: Unik speilrefleks med high definition videofilmfunksjon.<br />\r\nNyhet: Estimert tilgjengelig i oktober. Nikon D90 er et unikt speilrefleks med høy ytelse, god brukervennlighet og high definition (720P) filmfunksjon. Nikon D90 har en CMOS-bildesensor i DX-format med 12,3 megapiksler som gjør at utskrifter i store formater er fullt mulig. EXPEED-bildebehandlingssystemet er en avansert brikketeknologi i Nikon D90 kamera som gir deg som bruker enestående bildekvalitet på en enkel måte. Nikon D90 er et speilrefleks med med direkte visning av hva du skal fotografere på LCD skjermen. Med direkte visning kan du komponere og fotografere gjennom den 3-tommers LCD-skjermen, og ved hjelp av motivgjenkjenningssystemet og autofokus får du fanget inn bildene med en utrolig skarphet. Nikon D90 er det første speilrefleks kamera du kan spille inn filmer i JPEG-format med ved hjelp av D-Movie-funksjonen. Nikon D90 har hdmi kontakt for direktekobling til High Definition skjermer med høy oppløsning på visningen. Med hele 4,5 bilder i sekundet er det opp til fotografen og utvide den kreative horisonten innen fotografering. <br />\r\n<br />\r\nMedfølgende tilbehør: <br />\r\nOppladbart Li-ionbatteri EN-EL3e, Hurtiglader MH-18a, Lyd/video-kabel EG-D2, USB-kabel UC-E4, Øyemusling i gummi DK-21, Bærestropp AN-DC1, Kamerahusdeksel, Okulardeksel DK-5, Deksel for tilbehørssko BS-1, LCD-skjermdeksel BM-10, CD med Software Suite (ViewNX, Nikon Transfer, Apple QuickTime) <br />\r\n  <br />\r\nD90 forener teknologi fra Nikons fremste digitale speilreflekskameraer med en rekke sofistikerte funksjoner som hjelper deg til å oppnå fantastiske resultater. Ved hjelp av CMOS-bildesensoren i DX-format med 12,3 megapiksler og EXPEED-bildebehandlingssystemet kan du få enestående bildekvalitet med en rekke ulike ISO-følsomheter. Med modusen Direkte visning kan du komponere og fotografere gjennom den 3-tommers LCD-skjermen, og ved hjelp av motivgjenkjenningssystemet og autofokus får du fanget inn bildene med en utrolig skarphet. Du kan spille inn filmer i JPEG-format ved hjelp av D-Movie-funksjonen. Kameraets store bildesensor sikrer fantastisk filmkvalitet, og du kan skape dramatiske effekter ved å fotografere med en rekke ulike utbyttbare NIKKOR-objektiver, blant annet vidvinkel, makro og fiskeøye, eller ved å justere objektivets blenderåpning og eksperimentere med dybdeskarpheten. D90 er utformet for at du skal kunne dyrke din lidenskap for fotografering.', 'images/varebilder/WEB_Image Nikon D90 med AF-S DX 18-55mm VR Norsk 1158535835.jpeg', 1, 239),
(2, 'Canon EOS 1100D 15-55IS II', 4495.00, 'Avansert, kompakt og rimelig: Canon EOS 1100D gjør det enkelt å komme i gang med digitalt speilreflekskamera. <br />\r\n<br />\r\n- Suveren bildekvalitet med 12 megapiksler <br />\r\n- Funksjonsveiledning på skjermen <br />\r\n- Kreativ auto og Basic+ <br />\r\n- HD-videoopptak <br />\r\n- ISO-følsomhet på 100–6400 <br />\r\n- Bredt 9 punkts AF-system <br />\r\n- 63 soners iFCL-eksponeringsmåling <br />\r\n- LCD-skjerm på 6,8 cm (2,7 tommer) med 270 000 punkter <br />\r\n- Kan brukes med alle EF- og EF-S-objektiver', 'images/varebilder/WEB_Image Canon EOS 1100D 15-55IS II 12 Mpix 2.7 -959858850.jpeg', 1, 16),
(7, 'Fujifilm FinePix HS20 EXR', 3790.00, 'Fujifilm FinePix HS20 EXR  <br />\r\n  <br />\r\n– det ultimate alt-i-ett-kameraet <br />\r\n  <br />\r\nFinePix HS20 EXR er et bridgekamera for deg som vil ha systemkameraets egenskaper og bildekvalitet uten å behøve masse utstyr til en dyr penge. Full av godbiter som en ny EXR CMOS-sensor, høyhastighetsfotografering, enda bedre brukervennlighet, mange ulike videofunksjoner, pluss fantastiske 30x zoom og 16 mp oppløsning. FinePix HS20 vil bli en god etterfølger til suksessmodellen HS10. <br />\r\n  <br />\r\nFinePix HS20 EXR har en ny lys-sensitiv CMOS- sensor, i kombinasjon med velkjente EXR-prosessor. Fotografen kan velge eller kameraet velger automatisk mellom å prioritere høy oppløsning, best dynamisk omfang eller lavere oppløsning med høy ISO. Resultatet blir gode bilder under alle lysforhold. <br />\r\nFinePix HS20 EXR har nyutviklet bildestabilisator, rask seriefotografering og en stor klar 3” LCD skjerm og mulighet for å tilkoble TTL blits. <br />\r\n<br />\r\n- Ny 16 megapiksler EXR CMOS-sensor<br />\r\n- 30x optisk zoom som tilsvarer 24-720mm <br />\r\n- Ny 3.0" LCD med vektorbasert grafikk<br />\r\n- EXR teknologi<br />\r\n- Ny dynamiskt omfang på 1600% <br />\r\n- Høyhastighetsfotografering - stillbilde, 16 mp – 7,6 bilde/sek<br />\r\n- Høyhastighetsfotografering – film, 320 bilder /sek (320x100) <br />\r\n- Raw filformat<br />\r\n- Full HD-video med stereolyd i H.264-format<br />\r\n- Ny EXR Motivgjenkjenning med 27 motivprogrammer<br />\r\n- Filmsimulerings-alternativ (Velvia/Provia/Astia)<br />\r\n- 360° Motion Panorama-funksjon<br />\r\n- TTL blitssystem<br />\r\n- Fotobokhjelp', 'images/varebilder/Fujifilm FinePix HS20 EXR 30x vidvinkel 399698175.jpeg', 1, 14),
(12, 'Panasonic Lumix DMC-FZ45, 14Mp, 24x superzoom, 25mm vidvinkel, NO', 2895.00, 'Hybrid superzoom FZ45 – fra 25 mm vidvinkel til 24x optisk zoom for både bilder og HD-film. <br />\r\n  <br />\r\n25 mm vidvinkel 24x optisk zoom f/2,8–5.2 LEICA DC VARIO-ELMART-objektiv <br />\r\nHD Movie i AVCHD Lite og kreativ film-modus <br />\r\niA-modus (Intelligent Auto) med POWER O.I.S. (Optical Image Stabilizer) <br />\r\nIntelligent oppløsning <br />\r\n  <br />\r\n  <br />\r\n14,1 megapiksel DMC-FZ45 kommer med en 25 mm vidvinkel 24x optisk zoom f/2.8–5.2 LEICA DC VARIO-ELMART-objektiv. Det 25 mm vidvinkelobjektivet har ca. to ganger bildeområde sammenlignet med et standard 35 mm objektiv. Den kraftige 24x optiske zoomen kan brukes både til fotografering og videoopptak. Ekstra optisk zoom-funksjonen bruker midten av CCD til å forlenge 24x zoom-området til hele 50.6x zoom med en oppløsning på 3 megapiksel eller mindre i stillbilder. <br />\r\n  <br />\r\nDMC-FZ45 kan ta opp HD-film i AVCHD Lite med høy lydkvalitet fra Dolby Digital Stereo Creator. Motion JPEG-format er også tilgjengelig (1280 x 720 piksler). Bare trykk på Motion Picture-knappen for å starte innspillingen. I kreativ filmmodus kan lukkerhastigheten og blenderen justeres. iA-modus kan også aktiveres ved opptak av film. Når DMC-FZ45 er koblet til en Panasonic VIERA med en valgfri mini HDMI-kabel kan TV-ens fjernkontroll brukes til å spille av innholdet på en enklere måte. <br />\r\n  <br />\r\nPOWER O.I.S. (Optical Image Stabilizer) nesten dobler håndrystekorreksjonen i forhold til vanlige MEGA O.I.S. Dermed kan du ta vakre nattbilder uten at de blir uskarpe. Når du aktiverer funksjonene POWER O.I.S., intelligent ISO-kontroll, ansiktsgjenkjenning, AF/AE med ansiktsgjenkjenning, intelligent scenevelger, intelligent eksponering og AF-sporing, utfører kameraet alt arbeidet i iA-modus. Og Happy-modus optimerer fargegjengivelsen og lyset, noe som gjør minnerike motiver mer levende. <br />\r\n  <br />\r\nMed intelligent oppløsningsteknologi vil konturer, detaljerte teksturområder og bløtgraderingsområder oppdages automatisk. I tilegg til generelt større skarphet, vil denne teknologien signalbehandle piksel for piksel på den mest effektive måten i forhold til det enkelte området. Resultatet er at både stillbilder og videoopptak blir naturlig klare og skarpe. Den intelligente zoomen utvider zoom-området med ca. 1,3x og beholder bildekvaliteten selv i kombinasjon med digitalzoomen. 24x optisk kan i realiteten forlenges til hva som tilsvarer 32x <br />\r\n  <br />\r\nFordelen med DMC-FZ45 er den glimrende manuelle kontrollmuligheten. Styrehjulet gjør kameraet mer brukervennlig. I tillegg er det mulig å betjene DMC-FZ45 manuelt på en enkel måte. Min farge-modus og film-modus gjør det enklere å få fargeeffektene til å bli slik som du vil. Avansert scenemodus lar deg raskt velge ofte brukte moduser som portrett, landskap, sport, nattportrett eller nærmodus med modushjulet. DMC-FZ45 har en 3,0 tommers LCD-skjerm med 230,000 punkters oppløsning og bred visningsvinkel.', 'images/varebilder/WEB_Image Panasonic Lumix DMC-FZ45 14Mp 24x super1884984334.Jpeg', 2, 86),
(13, 'Canon IXUS 1000HS Sølv, Norsk', 2490.00, '10x optisk zoom med bildestabilisator<br />\r\nEt ultrakompakt 10x zoomobjektiv med avansert optisk bildestabilisator gjør det mulig å fotografere med lengre brennvidde og i lite lys uten å bruke stativ.<br />\r\n <br />\r\nKompakt og stilig kamerahus i metall<br />\r\nElegant kamera i lommeformat med moderne IXUS-design i metall og superzoomobjektiv som kan trekkes helt inn.<br />\r\n <br />\r\nHS System med 10,0 megapikslers CMOS-sensor med høy følsomhet<br />\r\nHS System gir imponerende bildekvalitet i alle lysforhold. 10,0 megapikslers CMOS-sensor med høy følsomhet åpner for raske serieopptak og spesielle høyhastighetsfunksjoner, som Nattbilder uten stativ og Superlangsom film. <br />\r\n<br />\r\nFull HD-film med dynamisk bildestabilisator<br />\r\nFang de beste øyeblikkene i full HD (1080p) med stereolyd, og koble kameraet til en HDTV ved hjelp av HDMI-porten, og del opplevelsene med venner. Følg motivet med kameraets 10x optiske zoom. Takket være den dynamiske bildestabilisatoren får du stødigere og skarpere film selv om du gjør opptak mens du går.<br />\r\n <br />\r\nStor PureColor II G LCD-skjerm på 7,6 cm (3,0")<br />\r\nDenne modellen har en PureColor II G LCD-skjerm med herdet glass som gir ekstra beskyttelse, bedre kontrast og vid visningsvinkel.<br />\r\n <br />\r\nSuperlangsom film og høyhastighetsopptak<br />\r\nMed innstillingen Superlangsom film tas det opp 240 bilder i sekundet for saktere opptak av fartsfylt action som sport og dyreliv, mens høyhastighetsserier sørger for at du får med alt som skjer, med kontinuerlig opptak av 8,8 bilder i sekundet (2,5 megapiksler) til minnekortet er fullt.<br />\r\n <br />\r\nSmart Auto<br />\r\nKonsentrer deg om bildekomposisjonen, og la kameraet ta seg av resten. Smart Auto-programmet bruker en rekke Canon-teknologier til å gjenkjenne ulike motiver i forskjellige opptaksforhold og velger automatisk de beste innstillingene blant 28 tilgjengelige alternativer.<br />\r\n <br />\r\nMange opptaksprogrammer, inkludert Beste bilde<br />\r\nProgrammet Beste bilde tar en høyhastighetsserie på fem bilder og velger automatisk ut det beste av disse og lagrer det. Med programmet Nattbilder uten stativ kan du fotografere motiver med lite lys uten å bruke stativ.<br />\r\n <br />\r\nSmart lukker med blunkeselvutløser<br />\r\nSmart lukker-programmet har tre praktiske selvutløserfunksjoner, inkludert blunkeselvutløser som tar bilde to sekunder etter at kameraet registrerer at noen blunker.<br />\r\n <br />\r\nTips og triks<br />\r\nDe fleste alternativene i opptaks- og avspillingsmenyene har en kort forklaring, slik at du kan lære om kamerafunksjonene og øke kreativiteten.', 'images/varebilder/WEB_Image Canon IXUS 1000HS Solv  Norsk 10 Mpix  1512645197.jpeg', 3, 71),
(14, 'Casio EXILIM EX-FH100 Sort Norsk', 2275.00, 'EX-FH100 er et elegant designet kamerahus som har flere høyhastighetsfunksjoner. F.eks High Speed- seriebildeopptak med opp til 40 bilder per sekund, eller High Speed- videoinnspilling med opp til 1000 bilder per sekund.<br />\r\nDen innovative bakgrunnsbelyste CMOS High Speed- bildesensoren med 10,1 megapixler gir skarphet og detaljerte bilder med fantastiske farger. Dette elegante høyhastighetskamera har 10x optisk zoom med mekanisk bildestabilisering og et 24 mm vidvinkelobjektiv.<br />\r\n <br />\r\nCMOS-sensor (oppløsning)<br />\r\nOppløsningen er på 10,1 millioner effektive pixler med en bildesensor som er 1/2,3 tum stor.<br />\r\n <br />\r\nOptik<br />\r\n10 x optisk zoom med en brennvidde på 4,3 - 43 mm som tilsvarer ca 24-240 mm i småbildeformatet.<br />\r\nStørste blender ligger mellom f/3,2-f/5,7<br />\r\nnærgrense 7 cm.<br />\r\n <br />\r\nFunksjoner<br />\r\n<br />\r\n-Kameraet har automatiske eksponeringsinnstillinger,og forhåndsprogrammerte motivprogram<br />\r\n-Lukkertiden kan stilles mellom 1-1/12000 s.<br />\r\n-ISO-verdien kan stilles mellom 100-3200.<br />\r\n-Eksponeringskompensasjon kan gjøres med +-2EV i steg om 1/3EV<br />\r\n-LCD-displayet er på 3,0 tommer med 230 400 bildepunkter.<br />\r\n-Filmsekvenser kan spilles in i HD-uppløsningen 1280 x 720 med 30 bilder per sekund<br />\r\n-Selvutløseren kan stilles til 2, 10 s eller eget valg<br />\r\n-Overføring til datamaskin USB 2.0.<br />\r\n-Manuelle innstillinger på blender og lukkertid<br />\r\n-Med high speed seriebildeopptak kan du ta opp til 40 bilder per sekund<br />\r\n-Den mekaniske bildestabilisatoren reduserer bevegelsesuskarphet.<br />\r\n<br />\r\n <br />\r\nLagring<br />\r\nFilene lagres på SD/SDHC-minnekort.<br />\r\n <br />\r\nLeveres med :<br />\r\nCasio Exilim EX-FH100,oppladbart batteri NP-90, batterilader, nettadapter,USB-kabel,<br />\r\nAV-kabel, kamerarem, CD-ROM', 'images/varebilder/WEB_Image Casio EXILIM EX-FH100 Sort Norsk.Jpeg', 3, 6),
(15, 'Kodak EasyShare M320 Rød', 395.00, 'Lekkert og kompakt digitalkamera med 3xoptisk zoom og 9,2 megapikslers oppløsning!<br />\r\n <br />\r\n9.2 MP for prints up to 30 × 40 in. (76 × 102 cm)<br />\r\n3X optical zoom<br />\r\nKODAK PERFECT TOUCH Technology<br />\r\nLi-Ion rechargeable battery and AC adapter for charging included<br />\r\nHD picture capture<br />\r\n <br />\r\nStandard features<br />\r\nSensor type  1 / 2.5 in. CCD<br />\r\nCCD total pixels  9.3 MP (3512 × 2640)<br />\r\nEffective pixels  9.2 MP (3496 × 2626)<br />\r\nLens  KODAK AF 3X Optical Aspheric Lens, 34–102 mm (35 mm equiv.), f/2.8–5.1<br />\r\nLens protection  built-in mechanical lens cover<br />\r\nZoom  3X optical, 5X digital', 'images/varebilder/WEB_Image Kodak EasyShare M320 Rod 9.2 MP  3x opti1283254084.Jpeg', 3, 22),
(16, 'Nikon Coolpix S8000 Sølv', 1445.00, 'Verden''s tynneste* 10x zoomkamera med vidvinkelfunksjon. NIKKOR’s ED-glasslinse sørger for skarpe resultater enten du tar stillbilder eller tar opp HD-filmklipp, og 10x zoom gir deg uovertruffen komposjonsfrihet slik at du kan lage alt fra imponerende vidvinkelbilder og telefotobilder, til detaljerte nærbilder i makromodus. Det avanserte blitsstyringssystemet gir mer naturlige resultater når du tar bilder under dårlige lysforhold, og den svært klare LCD-skjermen på 7,5 cm (3 tommer) med høy oppløsning forbedrer både opptaket og avspillingen med et minimum av refleksjon, også i skarpt sollys. Med et kamerahus som gir en uovertruffen bærbarhet, er COOLPIX S8000 en stilig måte å være kreativ på når det gjelder hvordan du tar bilder av verden.<br />\r\n <br />\r\n <br />\r\n<br />\r\n-Dimensjoner: (BxDxH) 10.3 cm x 2.7 cm x 5.7 cm<br />\r\n-Vekt: 183 g<br />\r\n-Farge: Sølv<br />\r\n-Flashminnestøtte SD Memory Card, SDHC Memory Card<br />\r\n-Integrert minne: 32 MB<br />\r\n-Opptaksmodi Bildefilmmodus<br />\r\n-Bildepunkter/oppløsning: 14.2 megapiksel<br />\r\n-Linsesystem: 10 x zoom-linse - 5.4 mm - 54 mm - f/3.5-5.6<br />\r\n-Fokusjustering: Automatisk<br />\r\n-Nærgrense: 50 cm<br />\r\n-Digital Zoom 2 x<br />\r\n-Bildestabilisator: Optisk<br />\r\n-Kamerablitz: Popup-blitz<br />\r\n-Røde øyne-reduksjon: Ja<br />\r\n-Mikrofon: Mikrofon - innebygget - electret-kondensator - stereo<br />\r\n-Skjerm: LCD-skjerm - TFT aktiv matrise - 3" - farge<br />\r\n-Støttet batteri: 1 x Li-ion oppladbart batteri EN-EL12 ( inkludert )<br />\r\n', 'images/varebilder/WEB_Image Nikon Coolpix S8000 Solv.Jpeg', 3, 158),
(17, 'Panasonic DMC-TZ18 Sort, Norsk', 2495.00, 'Ultrakompakt kamera med en kraftig 16x optisk zoom<br />\r\n<br />\r\n-LEICA DC-objektiv med 16x optisk zoom fra en 24 mm ultra-vidvinkel.<br />\r\n-20x intelligent zoom med intelligent oppløsningsteknologi.<br />\r\n-iA-modus (intelligent auto) med POWER O.I.S. (optisk bildestabilisering).<br />\r\n-HD-filmopptak og LUMIX-bildeopplasting.<br />\r\n-Stor, 3-tommers intelligent LCD-skjerm med 230 000-prikkers oppløsning.<br />\r\n-Enkel, manuell kontroll med A/S/M-modus.<br />\r\n <br />\r\nDMC-TZ18 har 14,1 megapiksler og et LEICA DC-objektiv med 24 mm ultra vidvinkel og 16x optisk zoom (35 mm kamera tilsvarer: 24-384 mm), inkludert Nano Surface Coating-teknologi som dramatisk reduserer ekkobilder og gjenskinn. Den optiske zoomen på 16x kan brukes både til å ta bilder og til filmopptak. Vidvinkelobjektivet på 24 mm har en visning som er omtrent 213 % større sammenlignet med et vanlig 35 mm objektiv.<br />\r\n <br />\r\nMed intelligent oppløsningsteknologi oppdages automatisk 3 områder, konturer, detaljerte områder og myke fargeoverganger. Bortsett fra en helhetlig bedring av skarpheten, utfører denne teknologien en presis signalbehandling piksel etter piksel på en mest mulig effektiv måte, avhengig av området. Resultater er klare og skarpe bilder. Det intelligente zoomforholdet er omtrent 1,3x og beholder bildekvaliteten, selv når den er kombinert med en digital zoom. 16x optisk kan virtuelt utvides til tilsvarende 20x.<br />\r\n <br />\r\nMed POWER O.I.S. får du en nesten dobbelt så stor korreksjon av ustø hender som med en konvensjonell MEGA O.I.S. Dermed kan du ta skarpe, klare zoombilder uten uskarpheter. Når kameraet er i iA-modus, aktiveres POWER O.I.S., intelligent ISO-kontroll, ansiktsgjenkjennelse AF/AE, intelligent scenevelger med solnedgangmodus, intelligent eksponering og AF Tracking. Glad-modusen optimerer fargemetningen og lysstyrken for livaktige, minneverdige scener.<br />\r\n <br />\r\nDMC-TZ18 kan ta opp filmer i høy definisjon (1280 x 720 piksler med 30 fps i Motion JPEG-format). Den kraftige 16x optiske zoomen er tilgjengelig for filmopptak. DMC-TZ18 kan også laste opp filmer på YouTube og bilder på Facebook. Alt du trenger å gjøre er å merke bilder som du vil dele og sette inn SD/SDHC/SDXC-minnekortet i PC-en din. Opplastingen starter automatisk ved å følge veiledningen. Når det er så enkelt, kan du dele bilder og filmer med familie og venner over hele verden.<br />\r\n <br />\r\nDMC-TZ18 har en stor 3-tommers intelligent LCD-skjerm. Den justerer automatisk skjermens lysstyrke idet det omkringliggende lysnivået endrer seg. Den store skjermen reflekterer fine detaljer, slik at det blir lett å sjekke fokuset før du tar bilder. Den brukes også til visning i lite format av bilder og videoer, slik at du og vennene dine kan kose dere med å se på bilder sammen. DMC-TZ18 har manuelle kontroller som er lette å bruke. Blenderåpning-prioriteringen skaper en bakgrunnseffekt med mykt fokus og lukker-prioriteringen produserer en dynamisk gjengivelse av rennende vann.', 'images/varebilder/WEB_Image Panasonic DMC-TZ18 Sort  Norsk 14 1Mp  1-19844135.Jpeg', 3, 29),
(18, 'Pentax Optio RS1000 Sort', 1135.00, 'Endre kameraets utseende - design din egen front!<br />\r\nOptio RS1000 har en oppløsning på 14 megapixler, en tydelig 3" LCD-skjerm og 4x optisk zoom med 27,5 mm vidvinkel, samt videoinnspilling i HD-format. Kamerahuset er i kredittkortformat, noe som gjør kameraet til en fast følgesvenn. En unik egenskap er muligheten til å endre kamerans utseende med designerarkpå kameraets front. Man kan også lage sitt eget design basert på fotografier og illuastrasjoner.<br />\r\n <br />\r\n<br />\r\n-14 Megapixel CCD sensor<br />\r\n-4x Optisk zoom med vidvinkel (tilsvarer 27,5-110mm)<br />\r\n-Filmer i HD-oppløsning (1280x720, 30fps)<br />\r\n-Videoredigering direkte i kameraet<br />\r\n-ISO-følsomhet: 100 - 6400<br />\r\n-3" LCD display, 230.000 punkter<br />\r\n-Ansikts- og smilegjenkjenning<br />\r\n-Oppladbart Lithium-ion batteri (PENTAX D-LI08)<br />\r\n-Kortspalte for SD/SDHC<br />\r\n-Utganger: USB 2.0, AV<br />\r\n-Størrelse: 92x56x20,5mm (inkludert linsens dybde)<br />\r\n-Vekt inkl. batteri og minnekort: 130g<br />\r\n-Vekt: 113g<br />\r\n-Medfølgende software: Arcsoft Media Impression 2.0 for PENTAX<br />\r\n<br />\r\n <br />\r\n<br />\r\n    Endre kameraets utseende - design din egen front!<br />\r\n    Tilgjengelig i to ulike farger: Hvit og Sort<br />\r\n    Tre ytterligere designerark medfølger hver farge<br />\r\n    Sett med 5 forhåndslagde 10x15 designerark medfølger for utskrift av egne fronter<br />\r\n    Enkelt verktøy for å bytte fronter medfølger<br />\r\n', 'images/varebilder/WEB_Image Pentax Optio RS1000 Sort 14mp  4x optisk143254862.Jpeg', 3, 14),
(19, 'Canon Powershot S95 digitalkamera', 3295.00, 'HS System, f/2-objektiv og 10,0 megapiksler sørger for at PowerShot S95 leverer førsteklasses resultat i lite lys. HD-film, RAW-opptak og unik kontrollring på objektivet for manuell kontroll gjør dette til et perfekt lommekamera for seriøse fotografer.<br />\r\n <br />\r\n <br />\r\nEgenskaper:<br />\r\n-HS System og f/2-objektiv<br />\r\n-CCD med høy følsomhet og 10,0 megapiksler<br />\r\n-28mm vidvinkelobjektiv, 3,8x zoom og hybrid bildestabilisator<br />\r\n-Kontrollring på objektivet, fullstendig manuell kontroll og RAW-opptak<br />\r\n-7,5 cm (3,0") PureColor II G LCD-skjerm<br />\r\n-HD-filmer, HDMI<br />\r\n-Program for stort dynamisk omfang<br />\r\n-Smart Auto<br />\r\n-Fotografering i flere formater<br />\r\n-Vanntett kamerahus som tilleggsutstyr<br />\r\n<br />\r\nLommekameraet for den seriøse fotografen<br />\r\n <br />\r\nHS System med 10,0 megapikslers CCD-sensor med høy følsomhet<br />\r\nMuligheten til å fotografere med høyere ISO-hastigheter og likevel beholde førsteklasses bildekvalitet er selve nøkkelfunksjonen på PowerShot S95. HS System er en kraftfull kombinasjon av en sensor med høy følsomhet og den siste DIGIC 4-bildeprosessoren som gir enestående bildekvalitet i en rekke lysforhold, også i svakt lys.<br />\r\n <br />\r\nF/2.0, 28mm vidvinkelobjektiv med 3,8x zoom og hybrid bildestabilisator<br />\r\nLyssterkt f/2.0-objektiv åpner for fotografering uten stativ eller blits i omgivelser med lite lys. Den optiske bildestabilisatoren korrigerer kamerarystelser slik at du kan bruke opptil 4 trinn lengre lukkertid, mens den hybride bildestabilisatoren sørger for skarpere resultat ved makrofotografering.<br />\r\n <br />\r\nKontrollring på objektivet, fullstendig manuell kontroll og RAW-opptak<br />\r\nKontrollringen på objektivet gir rask tilgang til manuelle justeringer. Du kan styre ulike funksjoner med kontrollringen, for eksempel zoom, blenderåpning, lukkertid, fokus, ISO og eksponeringskompensasjon. Du kan også ta RAW-bilder som du deretter kan etterbehandle i programmet Digital Photo Professional som følger med kameraet.<br />\r\n <br />\r\n7,5 cm (3,0") PureColor II G LCD-skjerm<br />\r\nLyssterk og klar LCD-skjerm med et lag av herdet glass som gir ekstra sterk overflate og bedre synlighet når du fotograferer i sterkt lys.<br />\r\n <br />\r\nHD-filmer, HDMI<br />\r\nKameraet har HD-filmopptak med 720p og 24 bilder/sek. Du kan ta opp HD-film med stereolyd og spille av filmen via HDMI-kontakten.<br />\r\n <br />\r\nProgram for stort dynamisk omfang<br />\r\nI motiver med høy kontrast kan tradisjonelle digitalkameraer ha problemer med få med alle detaljer i mørke og lyse områder. Når kameraet brukes med stativ, tar programmet Stort dynamisk omfang flere eksponeringer av samme motiv og setter dem sammen i kameraet slik at du får med detaljene i et kontrastrike motiver.<br />\r\n <br />\r\nSmart Auto<br />\r\nSmart Auto-programmet bruker teknologien for motivgjenkjenning til å bestemme motivet blant 28 tilgjengelige alternativer og sørger for optimalt resultat. Smart blitseksponering styrer blitsstyrken og -bruken og sikrer naturlige bilder.<br />\r\n <br />\r\nFotografering i flere formater<br />\r\nDu kan ta opp i en rekke formater, blant annet 3:2, 1:1, 16:9 og 4:5. Det gir perfekt komposisjon på opptakstidspunktet uten behov for redigering i etterkant.', 'images/varebilder/WEB_Image Canon Powershot S95 digitalkamera.Jpeg', 3, 44),
(20, 'Casio EXILIM EX-G1 Rød', 2290.00, 'For opplevelser uten grenser<br />\r\nEXILIM G EX-G1 tåler også tøffe situasjoner – uansett hvilke opplevelser som dukker opp. G-utformingen for absorbering av støt beskytter kameraet mot riper og støt. Fuktighet og støv må ganske enkelt holdes ute. Under det robuste dekselet finner du 12 megapiksler, 3 x optisk zoom og mange andre funksjoner. EXILIM G EX-G1 er robust i enhver situasjon – takket være den svært flate og elegante utformingen.<br />\r\n <br />\r\nStøtsikkert<br />\r\nFor tøffe øyeblikk  <br />\r\nEX-G1 mestrer utfordringene uten skader – enten det gjelder klatring, terrengsykling eller snøbrettkjøring. Overflaten på det robuste og støtsikre kameraet gir godt grep, derfor kan det også betjenes med hansker. Hvis du noen gang mister grepet på kameraet, er det ingen fare. Kameraet tåler en fallhøyde på opptil 2,13 meter. Hvis kameraet skal utsettes for større høyder, kan det sikres med en karabinkrok. <br />\r\nVanntett og støvbeskyttet<br />\r\nSvært slitesterkt  <br />\r\nEXILIM G EX-G1 tåler alle slags aktiviteter – fra små utendørsopplevelser til store oppdagelser. Du får også med deg imponerende bilder hjem. Det robuste kameraet trosser de tøffeste forholdene: Det er beskyttet mot støv, sand, regn og snø, og er også vanntett på opptil 3 m dybde. Ideelle forutsetninger for sportslig innsats utendørs.<br />\r\n <br />\r\nUltraflat G-utforming<br />\r\nStørrelsen er avgjørende  <br />\r\nEX-G1 er også i sitt rette element i storbymylderet. Kameraet passer i alle slags lommer og vesker. Det er enkelt å fiske frem og like enkelt å legge vekk. Huset er bare 19.9 millimeter tynt. Det elegante kameraet er også i toppsjiktet når det gjelder utforming. Det elegante huset i G-utforming tar ikke bare pusten fra deg – det inneholder også mange intelligente funksjoner.<br />\r\n <br />\r\n300 bilder med én batteriladning<br />\r\nAlltid klart til bruk  <br />\r\nHvis batteriet plutselig er utladet når du ser et perfekt motiv, er det svært ergerlig – men det kan unngås. Kombinasjonen av en energibesparende prosessor og et svært kraftig litiumion-batteri sørger for at EXILIM G EX-G1 har nok strøm på lange, opplevelsesrike dager, og at du kan ta opptil 300 bilder iht. CIPA-standard med én batterilading.<br />\r\n <br />\r\n12,1 megapiksler<br />\r\nBriljant toppytelse  <br />\r\nIkke glem at CCD-brikken til EX-G1 gir briljante 12,1 megapiksler. Fordel: Kameraet gir knivskarpe og svært detaljrike bilder. Du kan både forstørre detaljene og lage bilder i plakatstørrelse med fremragende kvalitet uten at bildeinformasjon går tapt.<br />\r\n6,4 cm (2,5 tommers) TFT-fargeskjerm<br />\r\nNye perspektiver  <br />\r\nDen store 6,4 cm (2,5 tommer) TFT-fargeskjermen med høy oppløsning gjør utformingen til EXILIM G EX-G1 fullkommen: Den dekker nesten hele kameraets bakside, slik at du kan se nøye på motivene, lagrede bilder eller filmer – i sollys eller i mørket.<br />\r\n <br />\r\n Intelligent AF-funksjon<br />\r\nAutomatisk skarphet  <br />\r\nAldri flere uskarpe motiver i bildene dine! Den intelligente AF-funksjonen registrerer automatisk de ideelle fokusområdene og stiller disse inn skarpt. Når utløseren er trykt halvveis ned, gjenkjenner den bakenforliggende teknologien størrelsen og konturene til motiver, og velger deretter automatisk optimal fokusering. På den måten kan du ganske avslappet vente på det riktige øyeblikket, og trenger bare å trykke på utløseren.<br />\r\nVarious Flash<br />\r\nBlits til enhver situasjon  <br />\r\nDu kan tilpasse blitsen på EXILIM G EX-G1 til ulike situasjoner. Følgende forhåndsinnstillinger er tilgjengelige:<br />\r\n <br />\r\n• Reduksjon av røde øyne: Reduserer "røde øyne-effekten".<br />\r\n• Myk blits: For ideell belysning av objekter i umiddelbar nærhet.<br />\r\n• Auto: Blitsen slås automatisk på etter behov.<br />\r\n• På: Blitsen er alltid slått på.<br />\r\n• Av: Blitsen er alltid slått av. <br />\r\nAV-kontakt<br />\r\nTV-show i stedet for bildeframvisning  <br />\r\nInviter venner og kjente til å se de beste filmene og bildene dine i stort format. Du kobler bare EXILIM G EX-G1 til TVen ved hjelp av AV-uttaket.<br />\r\n <br />\r\nMinnekortspor<br />\r\nSom du ønsker  <br />\r\nEX-G1 kan lagre bildene og filmene på microSD- eller microSDHC-kort. Hvilket av disse alternative kortene du vil bruke, kan du avgjøre spontant og fleksibelt.', 'images/varebilder/WEB_Image Casio EXILIM EX-G1 Rod 12 mpix  3x zoom -1687613819.Jpeg', 4, 3),
(21, 'Panasonic DMC-FT3 Blå, Norsk', 3395.00, 'Et svært solid kamera med full HD-filmopptak og forskjellige funksjoner for utendørs bruk.<br />\r\n<br />\r\n-Vanntett 12 m, tåler temperaturer ned til -10 ?, tåler fall på opptil 2 m, samt støv.<br />\r\n-1920 x 1080 full HD-film i AVCHD-format og POWER O.I.S. med aktiv modus.<br />\r\n-Innebygd GPS-funksjon for rask og enkel gjenfinning.<br />\r\n-Stedsinformasjon med høydemåler, kompass og barometer.<br />\r\n-3D-fotomodus og iA-modus med POWER O.I.S. (optisk bildestabilisator).<br />\r\n-28 mm vidvinkel LEICA DC-objektiv og 12,1-megapiksel høyhastighets CCD.<br />\r\n<br />\r\nDMC-FT3 er designet for aktiv bruk, den er vanntett ned til et dyp på 12 meter, tåler kulde ned til -10 ?, tåler støt fra fall på opptil 2 meter og tåler støv. I filmopptak skrus LED-lyset seg på for å få vakre filmopptak under vann eller ved leirplassen om kvelden.<br />\r\n <br />\r\nDMC-FT3 kan ta opp filmer i full HD 1920 x 1080 i AVCHD-format med Dolby® Digital Creator. Med en tilhørende knapp kan du øyeblikkelig begynne å filme uten at du trenger noen ekstra innstillinger. iA-modus er tilgjengelig i filmopptak. POWER O.I.S. med aktiv modus er nyttig når du tar bilder mens du går eller leker med barn. Både fotografier og filmer i AVCHD-format som er tatt opp på et SD-minnekort er lette å se på på en Panasonic VIERA-TV.<br />\r\n <br />\r\nDMC-FT3 har en innebygd GPS-enhet. Lokaliseringsdataene for hvor bildet ble tatt med lengde- og breddegrad legges inn automatisk i EXIF-dataene. Disse geotaggede bildene kan vises på kart på sosiale medier på Internett. DMC-FT3 viser også navnet på fylket og stedet eller byen, samt landemerker ved bruk av interne data for å gi deg informasjon i sanntid om stedet når du fotograferer. Bilder med stedsnavnene blir automatisk sortert alfabetisk i en virtuell mappe i kameraet, slik at det er lett å søke.<br />\r\n <br />\r\nDMC-FT3 bruker kompass, høydemåler og barometer for å vise og lagre høyde, barometertrykk og orienteringsdata. Barometeret virker også som en indikator på trykk under vann. Med en solid design, GPS og avanserte måleinstrumenter tilbyr den mye moro i mange forskjellige situasjoner. Ta med kameraet på fisketur eller camping om våren, på dykking, snorkling, surfing om sommeren, fjellklatring om høsten eller snøbrettkjøring om vinteren! DMC-FT3 kan brukes aktivt i naturen hele året.<br />\r\n <br />\r\n3D-fotomodusen skaper et 3D-bilde i kameraet. Ta 20 panoreringsbilder, så velger kameraet automatisk de to bildene som passer best og sammenfører dem til en 3D-sammensetning. 3D-bildet kan vises i 3D via 3D-bildeviseren på en Panasonic VIERA-TV og gir deg en helt ny, spennende opplevelse. I iA-modus forhindrer anti-uskarphetsmodus og POWER O.I.S. uskarpheter fra både motiver i bevegelse og ustø hender. Når du har valgt iA-modus, virker oppdagelses- og korreksjonsfunksjonene for å ta bilder på en enkel måte.', 'images/varebilder/WEB_Image Panasonic DMC-FT3 Bla  Norsk 12 1Mp  4 6-956682954.Jpeg', 4, 39),
(22, 'Panasonic DMC-FT3 Orange, Norsk', 3395.00, 'Et svært solid kamera med full HD-filmopptak og forskjellige funksjoner for utendørs bruk.<br />\r\n<br />\r\n-Vanntett 12 m, tåler temperaturer ned til -10 ?, tåler fall på opptil 2 m, samt støv.<br />\r\n-1920 x 1080 full HD-film i AVCHD-format og POWER O.I.S. med aktiv modus.<br />\r\n-Innebygd GPS-funksjon for rask og enkel gjenfinning.<br />\r\n-Stedsinformasjon med høydemåler, kompass og barometer.<br />\r\n-3D-fotomodus og iA-modus med POWER O.I.S. (optisk bildestabilisator).<br />\r\n-28 mm vidvinkel LEICA DC-objektiv og 12,1-megapiksel høyhastighets CCD.<br />\r\n<br />\r\n <br />\r\n <br />\r\nDMC-FT3 er designet for aktiv bruk, den er vanntett ned til et dyp på 12 meter, tåler kulde ned til -10 ?, tåler støt fra fall på opptil 2 meter og tåler støv. I filmopptak skrus LED-lyset seg på for å få vakre filmopptak under vann eller ved leirplassen om kvelden.<br />\r\n <br />\r\nDMC-FT3 kan ta opp filmer i full HD 1920 x 1080 i AVCHD-format med Dolby® Digital Creator. Med en tilhørende knapp kan du øyeblikkelig begynne å filme uten at du trenger noen ekstra innstillinger. iA-modus er tilgjengelig i filmopptak. POWER O.I.S. med aktiv modus er nyttig når du tar bilder mens du går eller leker med barn. Både fotografier og filmer i AVCHD-format som er tatt opp på et SD-minnekort er lette å se på på en Panasonic VIERA-TV.<br />\r\n <br />\r\nDMC-FT3 har en innebygd GPS-enhet. Lokaliseringsdataene for hvor bildet ble tatt med lengde- og breddegrad legges inn automatisk i EXIF-dataene. Disse geotaggede bildene kan vises på kart på sosiale medier på Internett. DMC-FT3 viser også navnet på fylket og stedet eller byen, samt landemerker ved bruk av interne data for å gi deg informasjon i sanntid om stedet når du fotograferer. Bilder med stedsnavnene blir automatisk sortert alfabetisk i en virtuell mappe i kameraet, slik at det er lett å søke.<br />\r\n <br />\r\nDMC-FT3 bruker kompass, høydemåler og barometer for å vise og lagre høyde, barometertrykk og orienteringsdata. Barometeret virker også som en indikator på trykk under vann. Med en solid design, GPS og avanserte måleinstrumenter tilbyr den mye moro i mange forskjellige situasjoner. Ta med kameraet på fisketur eller camping om våren, på dykking, snorkling, surfing om sommeren, fjellklatring om høsten eller snøbrettkjøring om vinteren! DMC-FT3 kan brukes aktivt i naturen hele året.<br />\r\n <br />\r\n3D-fotomodusen skaper et 3D-bilde i kameraet. Ta 20 panoreringsbilder, så velger kameraet automatisk de to bildene som passer best og sammenfører dem til en 3D-sammensetning. 3D-bildet kan vises i 3D via 3D-bildeviseren på en Panasonic VIERA-TV og gir deg en helt ny, spennende opplevelse. I iA-modus forhindrer anti-uskarphetsmodus og POWER O.I.S. uskarpheter fra både motiver i bevegelse og ustø hender. Når du har valgt iA-modus, virker oppdagelses- og korreksjonsfunksjonene for å ta bilder på en enkel måte.', 'images/varebilder/WEB_Image Panasonic DMC-FT3 Orange  Norsk 12 1Mp  -1064887061.Jpeg', 4, 63),
(23, 'Panasonic DMC-FT3 Sølv, Norsk', 3395.00, 'Et svært solid kamera med full HD-filmopptak og forskjellige funksjoner for utendørs bruk.<br />\r\n<br />\r\n-Vanntett 12 m, tåler temperaturer ned til -10 ?, tåler fall på opptil 2 m, samt støv.<br />\r\n-1920 x 1080 full HD-film i AVCHD-format og POWER O.I.S. med aktiv modus.<br />\r\n-Innebygd GPS-funksjon for rask og enkel gjenfinning.<br />\r\n-Stedsinformasjon med høydemåler, kompass og barometer.<br />\r\n-3D-fotomodus og iA-modus med POWER O.I.S. (optisk bildestabilisator).<br />\r\n-28 mm vidvinkel LEICA DC-objektiv og 12,1-megapiksel høyhastighets CCD.<br />\r\n<br />\r\n <br />\r\n <br />\r\nDMC-FT3 er designet for aktiv bruk, den er vanntett ned til et dyp på 12 meter, tåler kulde ned til -10 ?, tåler støt fra fall på opptil 2 meter og tåler støv. I filmopptak skrus LED-lyset seg på for å få vakre filmopptak under vann eller ved leirplassen om kvelden.<br />\r\n <br />\r\nDMC-FT3 kan ta opp filmer i full HD 1920 x 1080 i AVCHD-format med Dolby® Digital Creator. Med en tilhørende knapp kan du øyeblikkelig begynne å filme uten at du trenger noen ekstra innstillinger. iA-modus er tilgjengelig i filmopptak. POWER O.I.S. med aktiv modus er nyttig når du tar bilder mens du går eller leker med barn. Både fotografier og filmer i AVCHD-format som er tatt opp på et SD-minnekort er lette å se på på en Panasonic VIERA-TV.<br />\r\n <br />\r\nDMC-FT3 har en innebygd GPS-enhet. Lokaliseringsdataene for hvor bildet ble tatt med lengde- og breddegrad legges inn automatisk i EXIF-dataene. Disse geotaggede bildene kan vises på kart på sosiale medier på Internett. DMC-FT3 viser også navnet på fylket og stedet eller byen, samt landemerker ved bruk av interne data for å gi deg informasjon i sanntid om stedet når du fotograferer. Bilder med stedsnavnene blir automatisk sortert alfabetisk i en virtuell mappe i kameraet, slik at det er lett å søke.<br />\r\n <br />\r\nDMC-FT3 bruker kompass, høydemåler og barometer for å vise og lagre høyde, barometertrykk og orienteringsdata. Barometeret virker også som en indikator på trykk under vann. Med en solid design, GPS og avanserte måleinstrumenter tilbyr den mye moro i mange forskjellige situasjoner. Ta med kameraet på fisketur eller camping om våren, på dykking, snorkling, surfing om sommeren, fjellklatring om høsten eller snøbrettkjøring om vinteren! DMC-FT3 kan brukes aktivt i naturen hele året.<br />\r\n <br />\r\n3D-fotomodusen skaper et 3D-bilde i kameraet. Ta 20 panoreringsbilder, så velger kameraet automatisk de to bildene som passer best og sammenfører dem til en 3D-sammensetning. 3D-bildet kan vises i 3D via 3D-bildeviseren på en Panasonic VIERA-TV og gir deg en helt ny, spennende opplevelse. I iA-modus forhindrer anti-uskarphetsmodus og POWER O.I.S. uskarpheter fra både motiver i bevegelse og ustø hender. Når du har valgt iA-modus, virker oppdagelses- og korreksjonsfunksjonene for å ta bilder på en enkel måte.', 'images/varebilder/WEB_Image Panasonic DMC-FT3 Solv  Norsk 12 1Mp  4 1181013781.Jpeg', 4, 28),
(24, 'Panasonic DMC-FT3 Rød, Norsk', 3395.00, 'Et svært solid kamera med full HD-filmopptak og forskjellige funksjoner for utendørs bruk.<br />\r\n<br />\r\n-Vanntett 12 m, tåler temperaturer ned til -10 ?, tåler fall på opptil 2 m, samt støv.<br />\r\n-1920 x 1080 full HD-film i AVCHD-format og POWER O.I.S. med aktiv modus.<br />\r\n-Innebygd GPS-funksjon for rask og enkel gjenfinning.<br />\r\n-Stedsinformasjon med høydemåler, kompass og barometer.<br />\r\n-3D-fotomodus og iA-modus med POWER O.I.S. (optisk bildestabilisator).<br />\r\n-28 mm vidvinkel LEICA DC-objektiv og 12,1-megapiksel høyhastighets CCD.<br />\r\n<br />\r\n<br />\r\nDMC-FT3 er designet for aktiv bruk, den er vanntett ned til et dyp på 12 meter, tåler kulde ned til -10 ?, tåler støt fra fall på opptil 2 meter og tåler støv. I filmopptak skrus LED-lyset seg på for å få vakre filmopptak under vann eller ved leirplassen om kvelden.<br />\r\n <br />\r\nDMC-FT3 kan ta opp filmer i full HD 1920 x 1080 i AVCHD-format med Dolby® Digital Creator. Med en tilhørende knapp kan du øyeblikkelig begynne å filme uten at du trenger noen ekstra innstillinger. iA-modus er tilgjengelig i filmopptak. POWER O.I.S. med aktiv modus er nyttig når du tar bilder mens du går eller leker med barn. Både fotografier og filmer i AVCHD-format som er tatt opp på et SD-minnekort er lette å se på på en Panasonic VIERA-TV.<br />\r\n <br />\r\nDMC-FT3 har en innebygd GPS-enhet. Lokaliseringsdataene for hvor bildet ble tatt med lengde- og breddegrad legges inn automatisk i EXIF-dataene. Disse geotaggede bildene kan vises på kart på sosiale medier på Internett. DMC-FT3 viser også navnet på fylket og stedet eller byen, samt landemerker ved bruk av interne data for å gi deg informasjon i sanntid om stedet når du fotograferer. Bilder med stedsnavnene blir automatisk sortert alfabetisk i en virtuell mappe i kameraet, slik at det er lett å søke.<br />\r\n <br />\r\nDMC-FT3 bruker kompass, høydemåler og barometer for å vise og lagre høyde, barometertrykk og orienteringsdata. Barometeret virker også som en indikator på trykk under vann. Med en solid design, GPS og avanserte måleinstrumenter tilbyr den mye moro i mange forskjellige situasjoner. Ta med kameraet på fisketur eller camping om våren, på dykking, snorkling, surfing om sommeren, fjellklatring om høsten eller snøbrettkjøring om vinteren! DMC-FT3 kan brukes aktivt i naturen hele året.<br />\r\n <br />\r\n3D-fotomodusen skaper et 3D-bilde i kameraet. Ta 20 panoreringsbilder, så velger kameraet automatisk de to bildene som passer best og sammenfører dem til en 3D-sammensetning. 3D-bildet kan vises i 3D via 3D-bildeviseren på en Panasonic VIERA-TV og gir deg en helt ny, spennende opplevelse. I iA-modus forhindrer anti-uskarphetsmodus og POWER O.I.S. uskarpheter fra både motiver i bevegelse og ustø hender. Når du har valgt iA-modus, virker oppdagelses- og korreksjonsfunksjonene for å ta bilder på en enkel måte.', 'images/varebilder/WEB_Image Panasonic DMC-FT3 Rod  Norsk 12 1Mp  4 6-565527518.Jpeg', 4, 25),
(25, 'Canon EF 100-400mm f/4.5-5.6L IS USM', 12490.00, 'Objektiver med optisk bildestabilisator<br />\r\n <br />\r\n <br />\r\nDette objektivet er et EF 100-400mm 4,5-5,6 L IS USM.<br />\r\n <br />\r\n <br />\r\nEgenskaper<br />\r\n<br />\r\n-Linsekonstruksjon: 17 elementer i 14 grupper<br />\r\n-Diagonal synsvinkel: 24°-6°-10°<br />\r\n-Fokusjustering: Bakre fokussystem med USM<br />\r\n-Nærgrense: 1,8m / 6ft<br />\r\n-Zoomsystem: Lineær forlengelsestype<br />\r\n-Filterstørrelse: 77mm<br />\r\n<br />\r\nBildestabilisatoren har to innstillinger og er kompatibel med konvertere 1.4x II og 2x II.<br />\r\n <br />\r\nSuper-telezoomlinse med bildestabilisator. Fluoritt- og Super DU-glasselementer eliminerer sekundært spektrum. Det flytende systemet sikrer også høy bildekvalitet ved alle brennvidder. Bildestabilisatoren har to innstillinger og er kompatibel med konvertere 1.4x II og 2x II.', 'images/varebilder/WEB_Image Canon EF 100-400mm f 4.5-5.6L IS USM Obj1813911967.Jpeg', 5, 2),
(26, 'Canon EF 180mm f/3.5L Macro USM', 12695.00, 'Dette objektivet er et EF180mm 3.5L makroobjektiv.<br />\r\n <br />\r\nEgenskaper:<br />\r\n-Brennvidde og maksimal blenderåpning: 180 mm 1:3.5<br />\r\n-Linsekonstruksjon: 14 elementer i 12 grupper<br />\r\n-Diagonal bildevinkel: 13°- 46°<br />\r\n-Fokuseringsjustering: Intern fokuseringssystem med USM<br />\r\n-Korteste fokuseringsavstand: 0,48m / 1,6ft<br />\r\n-Filterstørrelse: 72mm<br />\r\n<br />\r\n <br />\r\nNok et makro teleobjektiv med en maksimal forstørrelse på 1x. Nærbilder i naturlig størrelse kan tas fra større avstand uten å forstyrre objektet (insekter og lignende). Det interne flytsystemet reduserer avvik som skyldes endring i fokuseringsavstanden. Dermed sikres du knivskarpe bildekonturer – fra 1x til uendelig.<br />\r\n <br />\r\n <br />\r\nBildevinkel (horisontal, vertikal, diagonal) 11°25'', 7°40'', 13°40''<br />\r\nOptisk konstruksjon (elementer/grupper) 14/12<br />\r\nAntall diaframblader 8<br />\r\nMinste blenderåpning 32<br />\r\nNærgrense (m) 0,48<br />\r\nStørste forstørrelse (x) 1,00<br />\r\nAF-utløser USM¹<br />\r\nFilterdiameter (mm) 72<br />\r\nMaks. diameter x lengde (mm) 82,5 x 186,6<br />\r\nVekt (g) 1.090<br />\r\nForstørrelse med telekonverter EF12 1,09 - 0,07<br />\r\nForstørrelse med telekonverter EF25 1,21 - 0,15<br />\r\nHardt etui ET-78II<br />\r\nMykt etui LH-D24C<br />\r\nMykt etui LZ1324<br />\r\nG.F. -holder III (deksel III*) (5)<br />\r\nG.F.Holder IV (deksel IV*) (5)<br />\r\n', 'images/varebilder/WEB_Image Canon EF 180mm f 3.5L Macro USM Objektiv-2078086302.Jpeg', 5, 5),
(27, 'Canon EF 28 mm f: 1.8 USM', 3995.00, 'Dette objektivet er et EF 28mm 1,8 USM<br />\r\n <br />\r\n <br />\r\nEgenskaper:<br />\r\n-Brennvidde og maksimal blenderåpning: 28 mm 1:1,8<br />\r\n-Linsekonstruksjon: 10 elementer i 9 grupper<br />\r\n-Diagonal synsvinkel: 75°<br />\r\n-Fokusjustering: Bakre fokussystem med USM<br />\r\n-Nærgrense: 0,25m / 0,8ft<br />\r\n-Filterstørrelse: 58mm<br />\r\n<br />\r\nEn stor blenderåpning gir jevn og fin bakgrunnsuskarphet, også med kort lukkertid. Det asfæriske linseelementet gjør objektivet kort og korrigerer sfæriske avvik. Bildet blir skarpt helt ut i kantene', 'images/varebilder/WEB_Image Canon EF 28 mm f  1.8 USM Canon objektiv-623447478.Jpeg', 5, 20),
(28, 'Canon EF 300mm F2.8L IS USM Objektiv', 38500.00, 'Dette er et EF-objektiv 300mm 2,8L IS USM<br />\r\n  <br />\r\nEgenskaper:<br />\r\n-Diagonal synsvinkel: 8° 15''<br />\r\n-Linsekonstruksjon (elementer/grupper): 17/13<br />\r\n-Nærgrense (m): 2,5 m / 8,2 ft,<br />\r\n-Fokusjustering: Indre fokussystem med USM<br />\r\n-Filterdiameter (mm): 52 mm med innstikk bakfra<br />\r\n <br />\r\nSom etterfølger til EF300mm f/2,8L USM-objektiv er dette neste generasjons 300mm med nydesignet optisk system som gir en enda bedre bildekvalitet. Med fluorittlinse og to UD-linser elimineres fullstendig sekundært spekter. Det gir en superhøy bildekvalitet med både oppløsning og kontrast som er høyere enn noensinne. Med en bildestabilisator som tilsvarer omtrent 2 lukkertid-trinn, maksimeres objektivets ytelse under alle fotograferingsforhold. Autofokuseringen er raskest i verden (brukt sammen med et EOS-3-kamera), takket være en ring-USM og forbedrede driveralgoritmer. Nærgrensen er redusert til 2,5 m, mens bruksområdet er betydelig forbedret med en full mekanisk manuell fokus, forbedrede fokuseringsforprogrammeringer og innføring av en AF Stop-funksjon. Objektivets superlette design omfatter en linseramme av magnesiumlegering med god støv- og fuktbestandighet, også under røffe værforhold. Det leveres med et avtakbart stativ.<br />\r\n <br />\r\nGenerelt<br />\r\nObjektivfatning: Canon EF<br />\r\nKategori: Tele<br />\r\nStørste vidvinkel: 300 mm<br />\r\nStørste tele: 300 mm<br />\r\nFullformat: Fullformat<br />\r\nZoom: Nei<br />\r\nZoomfaktor: 1 x zoom<br />\r\nMinste fokuseringsavstand: 250 cm<br />\r\nFilterdiameter: 52 mm<br />\r\nMakroforhold: 0.13<br />\r\nStørste blender vidvinkel: 2.8<br />\r\nStørste blender tele: 2.8<br />\r\nMinste blender vidvinkel: 32<br />\r\nMinste blender tele: 32<br />\r\nUSM/SWF/HSM: Ja<br />\r\nAntivibrasjon (IS/VR): Ja<br />\r\nEff. brennvidde på Canon 20D: 480 mm (35mm)<br />\r\nDiameter: 128 mm<br />\r\nLengde: 252 mm<br />\r\nVekt: 2550 gr', 'images/varebilder/WEB_Image Canon EF 300mm F2.8L IS USM Objektiv Lys-159900078.Jpeg', 5, 0),
(29, 'Canon EF-S 10-22 3.5-4.5mm USM', 6495.00, 'Et ultra vidvinkel objektiv med dynamisk, ekspressiv kapasitet for alle EOS-kameraer med EF-S-fatning. Eksepsjonelt lite og lett - perfekt for deg som ønsker mobilitet.<br />\r\n  <br />\r\nEgenskaper:<br />\r\nStor vidvinkel (tilsvarene 16-35mm i 35mm formatet for alle kamerahus med EF-S-fatning<br />\r\nSuveren bildekvalitet<br />\r\nLett og kompakt<br />\r\nNærgrense på 24 cm<br />\r\nRask, nesten lydløs USM AF<br />\r\nSuper Spectra-belegg<br />\r\nSirkulær blenderåpning<br />\r\nEksklusiv solblender (tilleggsutstyr)<br />\r\n <br />\r\n <br />\r\nEt helt nytt perspektiv.<br />\r\n <br />\r\nMed et effektivt brennviddeområde på rundt 16-35mm i 35mm-format, er EF-S 10-22mm f/3,5-4,5 USM et fantastisk objektiv med bildekvalitet som vil gi fotograferingen din en helt ny dimensjon og et unikt dramatisk uttrykk.<br />\r\n <br />\r\nUtover det menneskelige perspektiv<br />\r\nEn skikkelig vidvinkel gir deg ikke bare frihet til å få med så mye du vil på bildet, men du kan også endre perspektivet dramatisk og dermed oppnå et mer dynamisk uttrykk. Objektivet bringer deg ekstremt tett innpå motivet og fremhever størrelsesforskjellen mellom nære motiver og bakgrunnen. Kreative fotografer kan bruke dette fenomenet til å skape et fascinerende skille mellom motiv og bakgrunn, og dermed oppnå en unik følelse av nærvær–ellertilå lage en panoramaeffekt hvor både forgrunn og bakgrunn er skarpt fokusert.<br />\r\n <br />\r\nLite, lett og nært<br />\r\nEF-S 10-22mm f/3,5-4,5 USM er eksepsjonelt lett og kompakt i forhold til brennvidde, og har i tillegg en utrolig nærgrense på bare 24 cm.<br />\r\n <br />\r\nRask fokusering<br />\r\nEn USM av ringtypen fungerer sammen med kameraet for å gi en superrask og presis autofokusering og prediktig sporing – med manuell overstyring tilgjengelig når som helst.<br />\r\n <br />\r\nDesignet for digitalfotografering<br />\r\nObjektivet er spesielt designer for digital fotografering, og har spesielt utformede linseelementer og Super Spectra-belegg som undertrykker skygger og skinn fra digitale kamerasensorer. En eksklusiv solblender (tilleggsutstyr) kan redusere skinn ytterligere.<br />\r\n <br />\r\nBakgrunnsuklarhet<br />\r\nEn sirkulær blenderåpning gir en behagelig bakgrunnsuklarhet ved stor blenderåpning. Det er ideelt for å skape dybdefølelse og for å fremheve motivet eller modellen i forhold til bakgrunnen.', 'images/varebilder/WEB_Image Canon EF-S 10-22 3.5-4.5mm USM Canon - Z1911571844.Jpeg', 5, 3);
INSERT INTO `webprosjekt_vare` (`VNr`, `Varenavn`, `Pris`, `Beskrivelse`, `Bilde`, `KatNr`, `Antall`) VALUES
(30, 'Lensbaby Composer Canon EF', 1895.00, 'Med "The Composer" introduserer Lensbaby et helt nytt objektiv basert på kulehode-prinsipp. Dette gir en mykere og mer presis styring av den særegne selektive fokus som Lensbaby er kjent for. Fotografen behøver ikke lengre å trykke eller dra objektivet for å oppnå ønsket effekt. Man vipper ganske enkelt objektivet til man har oppnådd ønsket effekt, og så benyttes den tradisjonelle fokusringen. Composer beholder nå den valgte posisjon, slik at man kan bruke den med en hånd.<br />\r\n <br />\r\nThe Composer kommer nå med det enestående "Optic Swap" -systemet til Lensbaby, slik at man med enkelhet kan benytte forskjellige linse-elementer for å oppnå andre effekter, som for eks "pin-hole" eller soft fokus (ekstrautstyr).<br />\r\n <br />\r\nThe Composer leveres med den skarpe "Double Glass Optic"<br />\r\n <br />\r\n• Kommer med Double Glass optic <br />\r\n• Støtter Lensbaby Optic Swap system<br />\r\n• Brennvidde : 50mm<br />\r\n• Focks Type: Manell<br />\r\n• Blender: Utskiftbare blendere fra :f/2, f/2.8, f/4, f/5.6, f/8, f/11, f/16, f/22<br />\r\n• Nærgrense : 46cm til uendelig<br />\r\n• Størrelse / vekt: 6.35cm / 160g', 'images/varebilder/WEB_Image Lensbaby Composer Canon EF 1748442850.Jpeg', 5, 30),
(31, 'Lensbaby Composer Pro', 2395.00, 'Med "The Composer Pro" introduserer Lensbaby et helt nytt objektiv basert på kulehode-prinsipp. Dette gir en mykere og mer presis styring av den særegne selektive fokus som Lensbaby er kjent for. Fotografen behøver ikke lengre å trykke eller dra objektivet for å oppnå ønsket effekt. Man vipper ganske enkelt objektivet til man har oppnådd ønsket effekt, og så benyttes den tradisjonelle fokusringen. Composer beholder nå den valgte posisjon, slik at man kan bruke den med en hånd. <br />\r\n <br />\r\nComposer Pro er kompatibel med optikk i "Optic Swap" -systemet til Lensbaby, slik at man med enkelhet kan benytte forskjellige linse-elementer for å oppnå andre effekter, som for eks "pin-hole" eller soft fokus (ekstrautstyr).<br />\r\n <br />\r\nThe Composer leveres med den skarpe "Double Glass Optic"<br />\r\n <br />\r\n• Kommer med Double Glass optic <br />\r\n• Støtter Lensbaby Optic Swap system<br />\r\n• Brennvidde : 50mm<br />\r\n• Focks Type: Maunell<br />\r\n• Blender: Utskiftbare blendere fra :f/2, f/2.8, f/4, f/5.6, f/8, f/11, f/16, f/22<br />\r\n• Nærgrense : 46cm til uendelig<br />\r\n• Størrelse / vekt: 6.35cm / 160g', 'images/varebilder/WEB_Image Lensbaby Composer Pro Nikon F -200325809.Jpeg', 5, 9),
(32, 'Lensbaby Muse Canon EF', 1195.00, 'Sure, the Muse looks and acts like the Original Lensbaby. But, like the Composer and the Control Freak, this little baby comes with Lensbaby''s new Optic Swap System, offering artists an almost unlimited variety of looks and styles to capture their unique visions.<br />\r\n <br />\r\nAll Lensbaby lenses bring one area of a photo into sharpest focus with that Sweet Spot surrounded by gradually increasing blur. Photographers focus the Muse by compressing the lens and move the sweet spot by bending the flexible lens tubing.<br />\r\n <br />\r\nSpecs<br />\r\n <br />\r\n• Features the Lensbaby Optic Swap System<br />\r\n• Focal Length: right around 50mm<br />\r\n• Focus Type: Manual...Fingertip, actually<br />\r\n• Aperture Type: Interchangeable levitating aperture disks<br />\r\n• Aperture: f/2, f/2.8, f/4, f/5.6, f/8<br />\r\n• Minimum Focus: approximately 12? (30 cm) / Maximum Focus: Infinity and beyond<br />\r\n• Size/Weight: 2" (5.08cm) high x 2.5" (6.35cm) wide / 3.7 oz. (104.9g)', 'images/varebilder/WEB_Image Lensbaby Muse Canon EF Muse Double Glass-1813166108.Jpeg', 5, 11),
(33, 'Lensbaby Smartbag', 169.00, 'Liten veske som passer til Muse og Composer', 'images/varebilder/WEB_Image Lensbaby Smartbag Oppbevaring til Compos-721121818.Jpeg', 6, 50),
(34, 'Lensbaby tilbehørskit', 935.00, 'Cover all your angles with the Lensbaby Accessory Bundle, which includes the Lensbaby 0.6X Wide Angle / 1.6X Telephoto Kit, the Lensbaby Macro Kit, and the Lensbaby Creative Aperture Kit. With the Lensbaby Accessory Bundle, you will be able to shoot your Lensbaby at 30mm, 50mm, and 80mm, focus from 2 inches to infinity, and custom cut your aperture shapes.<br />\r\n <br />\r\nSpecs – Lensbaby Creative Aperture Kit<br />\r\n <br />\r\n• Includes 1 f/4 star, 1 f/4 heart, and 5 blank aperture disks.<br />\r\n• You can custom cut the blank disks into any aperture shape you want<br />\r\n <br />\r\nSpecs – Lensbaby Wide Angle / Telephoto Kit<br />\r\n <br />\r\n• 0.6X wide angle converts the Lensbaby from a 50mm focal length to a 30mm focal length, while keeping the size of the Sweet Spot constant relative to the size of the photo<br />\r\n• 1.6X telephoto converts the Lensbaby from a 50mm focal length to an 80mm focal length, slightly increasing the size of the Sweet Spot of focus<br />\r\n• Both are 37mm threaded and screw into the front of the Lensbaby for ease of use<br />\r\n• 0.6X wide angle weighs 2.1 oz (59.5g) and measures 1.25? X 1.8? (3.18cm X 4.57cm)<br />\r\n• 1.6x telephoto weighs 1.9 oz (53.86g) and measures 1.2? X 1.8? (3.05cm X 4.57 cm)<br />\r\n• Compatible with all Lensbaby lenses<br />\r\n <br />\r\nSpecs – Lensbaby Macro Kit<br />\r\n <br />\r\n• The Lensbaby Macro Kit includes one +4 and one +10 lens<br />\r\n• The +4 and the +10 lenses can be screwed onto the 37mm threads on the front of your Lensbaby, either individually or together<br />\r\n• +4 lens allows you to focus your Lensbaby from 6? to 13? away<br />\r\n• +10 lens allows you to focus your Lensbaby from 3? to 6? away<br />\r\n• Stack the +4 lens on top of the +10 lens to focus from 2? to 3? away<br />\r\n• +10 lens weighs .5oz (14.17g) and measures 1.5? X 0.45 (3.81cm X 1.14cm)<br />\r\n• +4 lens weighs .5oz (14.17g) and measures 1.5? X 0.25? (3.81cm X .6cm)<br />\r\n• Compatible with all Lensbaby lenses except the 3G PL Mount', 'images/varebilder/WEB_Image Lensbaby tilbehorskit Wide   tele  macro-1112277254.Jpeg', 6, 39),
(35, 'Nikon AF VR 80-400 f/4.5-5.6D ED', 12985.00, 'Lett pg kompakt telezoom med bildestabilisator. Objektivet har 17 elementer i 11 grupper. Nærgrensen er 2,3 meter og objektivet veier 1340 gram (med stativfeste). Vibrasjonsdempingen er kompatibel med de fleste Nikon speilreflekskameraer.<br />\r\n<br />\r\nEgenskaper:<br />\r\n1. VR-funksjoner tilsvarer bruk av en lukkertid som er tre trinn kortere (åtte ganger raskere).<br />\r\n2. Vibrasjonsdemping for søkeren kan kobles ut for å spare batteriene.<br />\r\n3. Kamerabevegelser oppdages automatisk.<br />\r\n4. Tre linseelementer av ED-glass sikrer overlegen bildekvalitet.<br />\r\n5. Avrundet blender med ni blader<br />\r\n<br />\r\nInkludert tilbehør:<br />\r\nHB-24 hette, CL-L1 myk bæreveske, 77mm frontdeksel og LF-1 bakdeksel<br />\r\n<br />\r\nGenerelt:<br />\r\nObjektivfatning: Nikon<br />\r\nKategori: Supertele, Tele<br />\r\nStørste vidvinkel: 80 mm<br />\r\nStørste tele: 400 mm<br />\r\nZoom: Ja<br />\r\nZoomfaktor: 5 x zoom<br />\r\nStørste blender vidvinkel: 4.5<br />\r\nStørste blender tele: 5.6 USM/SWF/HSM: Nei<br />\r\nAntivibrasjon (IS/VR): Ja', 'images/varebilder/WEB_Image Nikon AF VR 80-400 f 4.5-5.6D ED Objekti232954915.Jpeg', 5, 2),
(36, 'Sigma 1.4x Telekonverter til Canon', 1995.00, 'Sigma APO Telekonvertere kan monteres mellom kamerahus og objektiv for å øke brennvidden i kraft av 1.4x.<br />\r\nDet nye flerlags belegg reduserer bluss og spøkelse, som er et vanlig problem med digitale kameraer. Sigma Telekonvertere gir best ytelse med DG serien objektiver. Maksimal forstørrelsen er  1,4 x, uten variasjon i minste fokus avstand.<br />\r\nKompakt og lett.', 'images/varebilder/WEB_Image Sigma 1.4x Telekonverter til Canon for C985224044.Jpeg', 6, 31),
(37, 'Manfrotto M055XPROB', 1395.00, 'Skal du fotografere ute i naturen er dette et godt stativ da du kan legge det ganske flatt, 10cm<br />\r\n<br />\r\nEnklere patent for å legge midtsøylen horisontalt.<br />\r\n <br />\r\nBena kan legges helt ned og legger man samtidig midtsøylen horisontalt har du et flott stativ de de fleste bruksåmråder som F.eks Macro og Natur foto mm<br />\r\n <br />\r\n <br />\r\nclosed length  65,5 cm <br />\r\nminimum height  10 cm <br />\r\nmaximum height  178.5 cm  <br />\r\nweight  2.40 kg <br />\r\nload capacity  7.00 kg <br />\r\ncolor  black <br />\r\npatent  patented <br />\r\nmaterial  aluminum <br />\r\nleg cross section  round <br />\r\ncolumn cross section  three-faceted <br />\r\nleg sections  3 <br />\r\nbubble spirit level (no)  1 <br />\r\nleg angles  25°,46°,66°,88° <br />\r\ncenter column  rapid <br />\r\nsection center column  1 <br />\r\ncolumn tube diameter  25mm <br />\r\nattachment  3/8'''' screw <br />\r\nlegs tube diameter  25, 20, 16 mm', 'images/varebilder/WEB_Image Manfrotto M055XPROB Kvalitetsstativ fra -475700615.Jpeg', 6, 69),
(38, 'Manfrotto 804RC2 Stativhode 3-veghode', 650.00, 'ADAPTO– Nytt unikt material<br />\r\n<br />\r\nNär du lyfter upp nya 804RC2 lägger du omedelbart märke till den lätta vikten på detta 3-vägshuvud. Jämfört med den gamla 141RC, är 804RC2 20% lättare! Denna viktbesparing är pga ett nytt material vid namn Adapto speciellt utvecklat av Manfrotto för användning till vår professionella utrustning. Adapto är en speciell technisk polymer som är jämförbar med aluminium i styrka men 50% lättare. Jämfört med metaller så som aluminium är Adapto ett idealiskt material för fotoutrustning eftersom det har superb resistans mot extrema temperaturer och varken korrigerar eller oxiderar. Dessutom är, Adapto ett utmärkt vibrationsabsorberande material som gör 804RC2 huvud till en idealisk kompanjon till MagFibre tripod<br />\r\n<br />\r\nSÄKERHET – Världens första balansfjäder<br />\r\n<br />\r\n804RC2 är även det första 3-vägshuvudet i världen som använder ett balansfjädersystem för att skydda din utrustning. Inbyggd i framåt/bakåt tilt axeln hjälper en fixerad balansfjäder att balasera kameravikten från att ramla ner. Till exempel om du använder en telekameralins och tiltar framåt med ett standardhuvud, får armen arbeta mycket för att motverka vikten på kameran + linsen. När du använder 804RC2 med den inbyggda fjädern, gör huvudet mestadels av arbetet för dig för att därigenom hjälpa dig att positionera din kamera lättare.<br />\r\n<br />\r\nDESIGN – World-Class Image<br />\r\n<br />\r\nInom fotografering är image allt. Vi har moderniserat den totala formen och rundat många hårda kanter för att producera en elegant produkt. De nya handtagen är designade att passa perfekt i din hand och även anpassad efter dina fingrar. Vi använder även ett nytt överdrag på vårt snabbt avtagbara handtag som är mer slitstarkt och rep-resistent än det förra handtaget.', 'images/varebilder/WEB_Image Manfrotto 804RC2 Stativhode 3-veghode Kv-1075862858.Jpeg', 6, 43),
(39, 'SIGMA EF-530 DG SUPER Canon', 1875.00, '<br />\r\nSigma Blitz EF-530 DG Super er en kraftig og avansert blitz med høy ytelse, ledetall opp til 53/m ved iso 100. Mange funksjoner og fleksibel kontroll gir deg kreative muligheter når du trenger mer lys. Blitzen kommer tilpasset de fleste digitale speilreflekskameraene, og gir deg mulighet til fotografering med full automatisk TTL eksponeringskontroll og mange manuelle muligheter. Blitzen har blant annet autozoom som følger objektivet fra 24-105mm, 17mm spredelinse innebygget og muligheterfor å vippe opp,nedog roterefor indirekte belysning. I tillegg har blitzen FP- høyhastighets synkronisering, synkronisering på bakre lukkergardin, og på enkelte kameraer trådløs slave-funksjon.<br />\r\n <br />\r\nNy TTL auto blitzeksponering<br />\r\nEF-530 DG SUPER er konstruert for å fungere med de siste TTL-systemene fra de fleste produsentene av digitale speilreflelkskameraer.<br />\r\n <br />\r\nAutozoom<br />\r\nReflektoren i blitzhodet følger objektivets zoom, fra 24mm til 105mm. Dette gjør at lysstyrken blir bedre utnyttet i forhold til brennvidden. Med den innebygde spredelinsen, dekker også blitzen vidvinkel ned til 17mm.<br />\r\n*Autozoom er ikke tilgjengelig på enkelte kamera-modeller, se "les mer" for kompatibilitet.<br />\r\n <br />\r\nIndirekte belysning<br />\r\nBlitzhodet kan roteres og vippes for indirekte belysning. Bruk for eksempel vegg og tak som reflektor for kreativ belysning. Hodet kan også vippes 7 grader nedover for macro-fotografering.<br />\r\n <br />\r\nAutomatisk strømsparing<br />\r\nNår blitzen ikke er i bruk vil den skru seg av til standby modus, for å spare strøm. Ett trykk på utløseren vekker den til live igjen.<br />\r\n <br />\r\nAF hjelpelys<br />\r\nEF-530 DG SUPER har et hjelpelys som assisterer autofokusen i mørke rom. Det kan være kamerabegrensninger, sjekk med ditt merke (se: les mer) om denne funksjonen fungerer.<br />\r\n <br />\r\nManuell innstilling<br />\r\nBlitzstyrken kan også stilles manuelt, fra 1/128 til full på Sigma/Canon, og fra 1/64 til full styrke på Nikon/Sony/Pentax-utgaven.<br />\r\n <br />\r\nTTL Trådløs<br />\r\nBlitsen kan bli plassert borte fra kameraet, samtidig som TTL-funksjonen justerer eksponeringen. Denne funksjonen er kun tilgjengelig på enkelte kameramodeller og hvordan blitzen blir fyrt av og hvordan det fungerer er forskjellig fra modell til modell, se mer om dette under "les mer"<br />\r\n<br />\r\nTrådløs slave-funksjon<br />\r\nEF-530 DG SUPER kan bli avfyrt/trigget av andre blitzer hvis du ønsker å benytte flere blitzer samtidig. Blitzeksponeringen må innstilles manuelt.<br />\r\n <br />\r\nModelling flash, prøve-eksponering<br />\r\nBlitzen kan fyre av prøveblink for testing av refleksjoner og eksponering uten at du tar bilde. Dette fungerer mot Sigma, Sony, Canon og Pentax kameraer.<br />\r\n <br />\r\nFP flash, for synkronisering med hurtige lukkertider<br />\r\nPå enkelte kameraer kan man sette synkronisering mot raskere lukkertider enn synkroniseringstiden, for å bruke til for eksempel utfyllingsblitz i dagslys.<br />\r\n <br />\r\nSynkronisering på bakre lukker<br />\r\nNår man fotograferer bevegelige objekter med lang lukkertid, kan man velge å synkronisere blitzen med bakre lukkergarding (siste del av eksponeringen) for å få mer naturlig belysning med lys/bevegelse etter objektet i stedet for foran.<br />\r\n*Denne funksjonen er ikke tilgjengelig på enkelte kamera-modeller, se "les mer" for kompatibilitet.<br />\r\n <br />\r\nTekniske spesifikasjoner:<br />\r\nLedetall: 53/m ISO 100 (med 105mm zoom)<br />\r\nLedetall oversikt ved zoom:<br />\r\n24mm: 28<br />\r\n28mm: 29<br />\r\n35mm: 31<br />\r\n50mm: 40<br />\r\n70mm: 45<br />\r\n85mm: 48<br />\r\n105mm: 53<br />\r\nStrømkilde: Fire AA batterier, alkaliske eller oppladbare NiCd/Ni-Mh<br />\r\nOppladningstid: 6 sekunder (med alkaliske batterier) Ca. 4 sekunder (med oppladbare NiCd/Ni-MH batterier)<br />\r\nAntall blink: Ca. 220 (med alkaliske batterier) Ca. 100 (med oppladbare NiCd/Ni-MH batterier)<br />\r\nInnstillingsvinkler:<br />\r\n Opp/høyre: 0, 60, 75, 90 grader<br />\r\n Ned: 0, 7 grader<br />\r\n Venstre: 0, 60, 75, 90, 120, 150, 180 grader<br />\r\nLysvinkel: Stiller seg automatisk i forhold til objektivets brennvidde, innenfor området 28mm til 105mm.<br />\r\nDekker også 17mm når man benytter den innebygde spredelinsen.<br />\r\nvekt: 315g (uten batterier)<br />\r\nStørrelse: (BxHxD) 77x139x117mm<br />\r\nKompatible kameraer: SIGMA AF, NIKON AF, CANON AF, SONY AF, PENTAX AF', 'images/varebilder/WEB_Image -390933118.Jpeg', 6, 24),
(40, 'Metz Mecablitz 36 C-2', 835.00, 'Kraftig autoblits som kan brukes på både analoge og digitale kameraer med midtkontakt, bl.a. Fuji 9500 og Panasonic.<br />\r\n<br />\r\nTippbar zoomreflektor 28-85mm.<br />\r\n3 automatiske arbeidsblendere, f2, f4 og f8 på ISO 100.<br />\r\nKompakt og lett, meget enkel i bruk.<br />\r\nOversiktlige brytere og lamper på blitsens bakside sikrer deg full kontroll og perfekt belyste bilder.', 'images/varebilder/WEB_Image Metz Mecablitz 36 C-2 blitz standard sko-575205119.Jpeg', 6, 42),
(41, 'Hama UV Filter 37mm', 169.00, 'UV asorberer de ultrafiolette strålene som ofte er feil kilden når man tar bilder ute. UV filteret vil gjøre så bildene ikke blir så uskarpe og diffuse.<br />\r\nFilteret er meget anvendlig og kan brukes på flere måter. Har du dette på vil det også beskytte linsen din.', 'images/varebilder/WEB_Image Hama UV Filter 37mm UV filter til kamera-1394720793.Jpeg', 6, 110),
(42, 'HOYA NDx4 HMC 82mm', 645.00, 'ND 4 Gråfilter til Speilrefleks', 'images/varebilder/WEB_Image HOYA NDx4 HMC 82mm ND filter til kamera 597309694.Jpeg', 6, 98),
(43, 'Kata Regntrekk E-690', 359.00, 'Praktisk regntrekk til ditt speilrefleks kamera. Beskytter ditt kamera mot regn og spuss så du kan fortsette fotograferingen.<br />\r\n <br />\r\nvekt 110g', 'images/varebilder/WEB_Image Kata Regntrekk E-690 Passer til SLR kame599659531.Jpeg', 6, 13),
(44, 'Kata Regntrekk E-702', 539.00, 'E-702 er et professjonelt regntrekk til dge som er ute i skikkelig ruskevær.<br />\r\n<br />\r\nE-702 lar deg fortsette å ta bilder selv i i hardt regnvær. regntrekket kan raskt dras over kamera men det står på stativet. Justerbar passform for de flesta PP-hoder.<br />\r\nPasser alle typer av pro Digital/SLR kameraer med eller uten ”booster eller grip”.<br />\r\n<br />\r\nVekt: 170g', 'images/varebilder/WEB_Image Kata Regntrekk E-702 Passer til sma SLR -771483177.Jpeg', 6, 75),
(45, 'Canon AW-DC10 undervannshus', 395.00, 'Undervannshus for Canon IXUS II/IIs<br />\r\nmaksimal dybde ned til 3 meter.', 'images/varebilder/WEB_Image Canon AW-DC10 undervannshus Passer til I2028690115.Jpeg', 6, 2),
(46, 'Canon Anti Dugg Øyemusling EG', 230.00, 'Passer til EOS 1D Mark III, 1Ds Mark III, 7D', 'images/varebilder/WEB_Image Canon Anti Dugg Oyemusling EG for EOS ka-1687261617.Jpeg', 6, 4),
(47, 'Canon EOS 5D Mark II m/24-105mm IS Obj.', 23895.00, 'Canons fullformats EOS 5D Mark II kombinerer enestående oppløsning med 3,9 bilder/sek og imponerende høy ISO-ytelse. Med opptak i full HD-filmkvalitet vil du oppleve å utvide fotograferingens grenser!<br />\r\n <br />\r\nEgenskaper:<br />\r\n-21,1MP fullformat CMOS-sensor<br />\r\n-DIGIC 4<br />\r\n-ISO-område kan utvides til 25600<br />\r\n-Full HD (1 080p, 30 bps) filmopptak<br />\r\n-3,0" VGA LCD-skjerm med direktevisning<br />\r\n-3,9 bilder/sek JPEG til maks. kortkapasitet<br />\r\n-9-punkts AF + 6 Assist AF-punkter<br />\r\n-Kamerahus i magnesiumlegering<br />\r\n-Canon EF 24-105mm f4L IS USM Objektiv<br />\r\n<br />\r\nUtvid grensene for din egen fotografering.<br />\r\n <br />\r\n21,1 megapikslers fullformats CMOS-sensor<br />\r\nFor å sikre maksimal kreativitet, har EOS 5D Mark II fullformat CMOS-sensor (36 mm x 24 mm). Uten beskjæring eller forstørrelse, men med ekte vidvinkelopplevelse og stor, klar søker. Nydesignede piksler gir minimal bildestøy, mens 21,1 megapikslers oppløsning utvider standarden som kreves av ledende bildebyråer.<br />\r\n <br />\r\nDIGIC 4<br />\r\nCanons DIGIC 4 samarbeider med EOS 5D Mark IIs bildesensor om å sikre enestående fargegjengivelse og fine fargetonegraderinger. DIGIC 4 leverer også øyeblikkelig oppstart, ansiktsgjenkjenning AF i Live View-modus og HD-filmopptak.<br />\r\n <br />\r\nHøy ISO<br />\r\nVed håndholdt fotografering i lav belysning, gir EOS 5D Mark II ISO-hastigheter på opptil 6400. For mørke scener der det ikke er ønskelig å bruke blits, kan den utvides til imponerende ISO 25600.<br />\r\n <br />\r\nFull HD-filmopptak<br />\r\nEOS 5D Mark II gir ikke bare enestående stillbildekvalitet, men også Full HD (1080) videoopptak. Brukerne kan til og med lagre film på minnekort uten å miste kapasiteten til å ta stillbilder. HDMI-forbindelse gir mulighet for digital høyoppløseligavspilling av film og bilder på HDTV.<br />\r\n <br />\r\n3,0 høyoppløselig LCD<br />\r\n3,0 Clear View LCD-skjerm med 920 000 punkters oppløsning, vid visningsvinkel og tosidig antirefleksbelegg gir ultradetaljert bildevisning under en rekke forhold. Live View innstillingen viser sanntids-bilder på LCD-skjermen og tre typer autofokus: Quick AF, Live AF og ansiktsgjenkjenning Live AF som låser fokus på ansikter i bilderammen.<br />\r\n <br />\r\nOpptil 3,9 bilder per sekund<br />\r\nEOS 5D Mark II gir serieopptak med 3,9 bilder per sekund. Ved lagring av JPEG-bilder på UDMA-kort er det bare kortets kapasitet som begrenser antall bilder.<br />\r\n <br />\r\n9-punkts AF + 6 Assist AF-punkter<br />\r\nPresis autofokusering sikres med Canons AF-system, med 9 valgbare punkter og 6 Assist AF-punkter.<br />\r\n <br />\r\nEOS integrert rensesystem<br />\r\nCanons innebygde støvreduksjonssystem gir tre måter å beskytte bildene mot støv på: reduksjon av intern støvgenerering; intern rensemekanisme av sensor, og muligheten for å kartlegge støvkorn for fjerning med Digital Photo Professional-programvare (medfølger)<br />\r\n <br />\r\nSolid, kompakt design<br />\r\nMed kamerahus i magnesiumlegering, beskyttelse mot omgivelsene og lukkerkapasitet på 150 000 sykluser, er EOS 5D Mark II meget velegnet for fotografering i studio eller ute i felten.', 'images/varebilder/WEB_Image Canon EOS 5D Mark II m 24-105mm IS Obj. -1512638947.Jpeg', 1, 74),
(48, 'Nikon D3s kamerahus Norsk, kun hus', 36998.00, 'Digital Speilrefleks med film opptak i FX fullformat,<br />\r\n <br />\r\n<br />\r\n    EISA-vinner 2010-2011: "Nikon D3S er så lysfølsomt at det kan fokusere og ta bilder under forhold der selv det menneskelige øyet ikke kan se. Selv om høy ISO-følsomhet er vanlig i de fleste moderne digitale systemkameraer, er kvaliteten med Nikon D3s’ høye ISO-innstillinger uovertruffen når det gjelder lav bildestøy og detaljrikdom."<br />\r\n <br />\r\nNikon''s D3s er skreddersydd for profesjonelle nyhets-, sports- og naturfotografer<br />\r\n <br />\r\nNikons første kamera i FX-format med høydefinisjons filmopptak tilbyr fotografer kreativ fleksibilitet på et helt nytt nivå. Kameraet D3S har en svært sensitiv CMOS-sensor med 12,1 megapiksler i FX-format med en ISO-rekkevidde på 200 til 12800. D-filmfunksjonen tilbyr overlegen filming med stereolyd og et alternativ for å lagre valgte ramme, som øker produktiviteten. Nikons anerkjente 51-punkts AF-system gir høy følsomhet i svakt lys og overlegen ytelse ved følgefokus av motiv i rask bevegelse. En avansert funksjon for rensing av bildesensoren reduserer virkningen av støvflekker, og tre alternative beskjæringsmoduser øker fotograferingsfleksibiliteten. EXPEED-bildebehandlingsmotoren og den ekspansive bufferen gjør at du kan ta opptil 9 bps ved lengre serier. D3S beskyttes av et solid kamerahus i magnesium som er forseglet mot ytre påvirkning, og omdefinerer grensene for profesjonell actionfotografering.<br />\r\n <br />\r\n <br />\r\n<br />\r\n-CMOS-sensor med 12,1 megapiksler i FX-format (fullskjermsvisning) med høy SNR-verdi, stor dynamisk rekkevidde og 12-kanals avlesing.<br />\r\n-ISO 200 – 12800: utvidbart opp til 102 400 (tilsvarende) med Hi-3-innstillingen og ned til ISO 100 (tilsvarende) med Lo-1-innstillingen.<br />\r\n-Serieopptak med 9 bps (7 bps i DX-beskjæringsmodus).<br />\r\n-Med D-film kan du ta opp filmklipp i HD med stereolyd (krever kompatibel stereomikrofon). Omfatter funksjonene start/stopp redigering og lagre valgte ramme samt AF-støtte i stativmodus.<br />\r\n-Multi-CAM 3500DX 51-punkters AF-system: individuelt valgbart eller konfigurerbart i 9-punkts, 21-punkts og 51-punkts dekningsinnstillinger.<br />\r\n-EXPEED-bildebehandlingsmotor med 14-bits A/D-konvertering og 16-bits bildebehandling for førsteklasses tonegradering.<br />\r\n-3-tommers VGA LCD-skjerm med 920 000 punkter og bred, 170-graders innsynsvinkel.<br />\r\n-Tre beskjæringsmoduser: DX-format 5:4-størrelsesforhold og 1.2x. DX-beskjæringsmodusen kan aktiveres automatisk når et DX-objektiv er montert.<br />\r\n-Innebygd RAW-behandling sparer tid i etterbehandlingen ved å la bildeinnstillingene JPEG-komprimering, størrelse, hvitbalanse, eksponeringskompensasjon, bildekontroll, støyreduksjon, fargerom og Vignette Control brukes på RAW-filer (NEF) i kameraet.<br />\r\n-Stille opptaksfunksjon: perfekt til stille fotografering. Lyden av interne speilmekanismer i kameraet reduseres betydelig.<br />\r\n-Nøyaktig og robust komposittlukker med kevlar-/karbonfibre: standardrangering på 300 000 sykluser med maksimal lukkerhastighet på 1/8000 sekund og blitssynkronisering på opptil 1/250 sekund.<br />\r\n-HDMI -videoutgangsgrensesnittet gjør det mulig å koble til HD-videosystemer.<br />\r\n-Kamerahus i robust magnesium, laget for å kunne motstå de tøffeste forholdene.<br />\r\n-Støtte for trådløs LAN og Ethernet via trådløs sender WT-4 (ekstrautstyr).<br />\r\n', 'images/varebilder/WEB_Image Nikon D3s kamerahus Norsk  kun hus 12.1 -1220282625.Jpeg', 1, 6),
(49, 'Nikon D7000 med 16-85mm AFS G VR', 12740.00, 'Med 16-85mm AFS G VR objektiv<br />\r\n <br />\r\n<br />\r\n-Les hele testen på LydogBilde.no: "Nikons D90 speilrefleks får sin avløser i nye D7000. Et kamera som henter funksjoner fra det dyrere D300s, men med enda høyere oppløsning og full HD-video."<br />\r\n-Les hele testen på TrustedReviews.com: "The D7000 is a fantastic step up camera for those who have outgrown entry level digital SLRs or for those who want to upgrade from older mid-range models, with the advantage this time around of a bang up-to-date feature set for the Nikon range; the obvious advantages of Full HD video and optional extras such as GPS making it a true tool for the multimedia age. It''s also a sensible option for those amateur enthusiasts who land the odd paid job now and again, but who wouldn''t want (or necessarily need) all the extras, nor expense, of an actual pro DSLR."<br />\r\n-Les omtale på PCWorld.no: "D7000 blir trolig Nikons viktigste speilreflekskamera de neste årene."<br />\r\n-Les road test på chasejarvis.com: "The camera feels great."<br />\r\n-Les omtale på dpreview.com med grundige sammenligninger.<br />\r\n<br />\r\n <br />\r\nD7000 representerer en ny tid når det gjelder kreativ fleksibilitet. Kameraet kombinerer avansert bildeteknologi med et overraskende lett kamerahus. Det har en robust konstruksjon som gjør at du kan ta det med hvor du vil, og selve kameraet er kraftig nok til å håndtere alle situasjoner. De mange avanserte funksjonene vil tilfredsstille enhver fotograf som ønsker å videreutvikle sine ferdigheter. Hvis du har en lidenskap for fotografering, er dette det digitale speilreflekskameraet du trenger.<br />\r\n <br />\r\n<br />\r\n-16.2 megapixel DX-format CMOS image sensor<br />\r\n-High ISO (100-6400) light sensitivity - extendable up to 25600<br />\r\n-EXPEED 2: Nikon’s advanced image processing engine<br />\r\n-Durable design with magnesium alloy top and rear covers<br />\r\n-Twin SD card slots: SDXC compatible<br />\r\n-Razor-sharp 39-point AF system<br />\r\n<br />\r\n <br />\r\n<br />\r\n-CMOS-bildebrikken på 16,2 megapiksler i DX-format gir klare, naturtro bilder med friske farger, redusert støy og jevn tonegradering.<br />\r\n-Høy ISO (100-6 400) lysfølsomhet – kan økes manuelt til 25 600 ved å bruke Hi2-innstillingen. Lukkerhastighetene blir raskere, noe som gir detaljerte bilder med lite støy når du tar bilder av motiver i rask bevegelse eller i dårlig lys. Inneholder en automatisk ISO-innstilling.<br />\r\n-EXPEED 2 bildebehandlingsmotor: Optimaliserer kameraets teknologi, noe som gir enestående ytelse og maksimal bildekvalitet, samtidig som den bruker lite energi.<br />\r\n-Solid design: Topp- og bakdeksler i kraftig, men lett magnesium. Sammenføyninger som er forseglet mot ytre påvirkninger, beskytter kameraet mot støv og fukt.<br />\r\n-100 % dekning i søkeren, med ca. 0,94x forstørrelse for nøyaktig komposisjon.<br />\r\n-Robust lukkerenhet som er testet for 150 000 sykluser. Gir nøyaktig kontroll av lukkeren og enestående pålitelighet med en lukkerhastighet på opptil 1/8000 s, og blitssynkronisering på opptil 1/250 s.<br />\r\n-Doble SD-minnekortspor: For økt fleksibilitet. Bruk det andre kortet når det første er fullt, eller bruk det ene til stillbilder og det andre til filmopptak. SDXC-kompatibelt.<br />\r\n-Knivskarpt 39-punkts autofokussystem med ni kryssensorer i midten. Gir rask og presis autofokusdekning i hele bildet. Fire AF-søkefeltfunksjoner, inkludert 3D følgefokus, gir deg skarpe bilder, enten motivet er ute av rammen, i rask bevegelse eller totalt uforutsigbart.<br />\r\n-En 2 016-pikslers RGB-sensor gir svært nøyaktig lysmåling slik at eksponeringen blir riktig. I tillegg sender den detaljert informasjon til kameraets motivgjenkjenningssystem, slik at eksponering, autofokus og hvitbalanse optimaliseres umiddelbart før lukkeren frigjøres, noe som gir skarpe bilder.<br />\r\n-Kontinuerlig fotografering med 6 b/s: Fang inn raske bevegelser med seks bilder i sekundet.<br />\r\n-Rask respons: Nesten øyeblikkelig oppstart og ca. 0,052 sekunders utløserforsinkelse.<br />\r\n-D-Movie – filmklipp i full HD (1920 x 1080): En egen opptaksknapp gjør at du øyeblikkelig kan ta flotte filmklipp med høy oppløsning (HD). Med AF-modusen holdes alt i fokus under opptak, og kameraet støtter bruk av ekstern mikrofon slik at du kan lage film med stereolyd av høy kvalitet. Enkle redigeringsfunksjoner gjør at du kan redigere klippene i kameraet.<br />\r\n-Stor 7,5 cm (3") høyoppløselig LCD-skjerm på 920 000 punkter med forsterket glass gjør det enklere å vise viktig kamerainformasjon, og gå gjennom og redigere bildene og filmene dine.<br />\r\n', 'images/varebilder/WEB_Image Nikon D7000 med 16-85mm AFS G VR 16.2mpi-281786017.Jpeg', 1, 5);


ALTER TABLE `webprosjekt_ordre`
  ADD CONSTRAINT `fk_Ordre_Kunde1` FOREIGN KEY (`KNr`) REFERENCES `webprosjekt_kunde` (`KNr`) ON DELETE NO ACTION ON UPDATE NO ACTION;

ALTER TABLE `webprosjekt_ordrelinje`
  ADD CONSTRAINT `fk_OrdreNr` FOREIGN KEY (`OrdreNr`) REFERENCES `webprosjekt_ordre` (`OrdreNr`) ON DELETE NO ACTION ON UPDATE NO ACTION,
  ADD CONSTRAINT `fk_VNr` FOREIGN KEY (`VNr`) REFERENCES `webprosjekt_vare` (`VNr`) ON DELETE NO ACTION ON UPDATE NO ACTION;

ALTER TABLE `webprosjekt_vare`
  ADD CONSTRAINT `fk_Vare_Kategori1` FOREIGN KEY (`KatNr`) REFERENCES `webprosjekt_kategori` (`KatNr`) ON DELETE NO ACTION ON UPDATE NO ACTION;
